,price,sequence,side,size,symbol,time,tradeId,type,time_received,makerOrderId,takerOrderId
0,0.0425,5739865088342017,sell,10,WOD-USDT,11:00:00.000000,5739865088342017,match,11:00:00.0687,,
1,1,5739867934308353,sell,44,WOD-USDT,11:00:07.531000,5739867934308353,match,11:00:07.5780,6746fbb0812d4000071597e9,6746fbb7812d40000715cfbc
2,1,5739867934308356,sell,28.4,WOD-USDT,11:00:07.531000,5739867934308356,match,11:00:07.5781,6746fbb02033a50007a3d45a,6746fbb7812d40000715cfbc
3,1,5739867934308359,sell,49.5,WOD-USDT,11:00:07.531000,5739867934308359,match,11:00:07.5783,6746fbb08b053b0007150fab,6746fbb7812d40000715cfbc
4,1,5739867934308362,sell,32.2,WOD-USDT,11:00:07.531000,5739867934308362,match,11:00:07.5784,6746fbb08b053b0007151218,6746fbb7812d40000715cfbc
5,1,5739867934308365,sell,19.6,WOD-USDT,11:00:07.531000,5739867934308365,match,11:00:07.5784,6746fbb0b38d120007a60905,6746fbb7812d40000715cfbc
6,1,5739868189636609,buy,265.5,WOD-USDT,11:00:08.186000,5739868189636609,match,11:00:08.2373,6746fbb7812d40000715cfbc,6746fbb8ba86a000073ec1a9
7,1,5739871457654785,buy,299.4,WOD-USDT,11:00:15.507000,5739871457654785,match,11:00:15.5583,6746fbb7812d40000715cfbc,6746fbbfba86a000073ec716
8,1,5739871813646337,buy,498.6,WOD-USDT,11:00:16.168000,5739871813646337,match,11:00:16.2166,6746fbb7812d40000715cfbc,6746fbc0b38d120007a68259
9,1,5739871938820097,buy,250,WOD-USDT,11:00:16.498000,5739871938820097,match,11:00:16.5461,6746fbb7812d40000715cfbc,6746fbc033b8f300078d28c2
10,1,5739872002390017,buy,30.1,WOD-USDT,11:00:16.667000,5739872002390017,match,11:00:16.7164,6746fbb7812d40000715cfbc,6746fbc0754b1e0007e33b99
11,1,5739872124942337,buy,250,WOD-USDT,11:00:16.908000,5739872124942337,match,11:00:16.9572,6746fbb7812d40000715cfbc,6746fbc0a69a4c0007826d9a
12,1,5739872242120705,buy,250,WOD-USDT,11:00:17.253000,5739872242120705,match,11:00:17.2986,6746fbb7812d40000715cfbc,6746fbc114a8920007b36a46
13,1,5739872331380737,buy,30.5,WOD-USDT,11:00:17.528000,5739872331380737,match,11:00:17.5776,6746fbb7812d40000715cfbc,6746fbc1439c100007095bec
14,1,5739872480278529,buy,682,WOD-USDT,11:00:17.916000,5739872480278529,match,11:00:17.9665,6746fbb7812d40000715cfbc,6746fbc1812d4000071622ee
15,1,5739872689076225,buy,96.2,WOD-USDT,11:00:18.530000,5739872689076225,match,11:00:18.5765,6746fbb7812d40000715cfbc,6746fbc2e21c740007bd9c1b
16,1,5739872741898241,buy,49.9,WOD-USDT,11:00:18.695000,5739872741898241,match,11:00:18.7421,6746fbb7812d40000715cfbc,6746fbc28b053b0007159d0a
17,1,5739872756709377,buy,96.2,WOD-USDT,11:00:18.747000,5739872756709377,match,11:00:18.7966,6746fbb7812d40000715cfbc,6746fbc21adbea0007dbc6f8
18,1,5739872775845889,buy,49.8,WOD-USDT,11:00:18.815000,5739872775845889,match,11:00:18.8646,6746fbb7812d40000715cfbc,6746fbc2b38d120007a694c0
19,1,5739872843479043,buy,49.8,WOD-USDT,11:00:18.967000,5739872843479043,match,11:00:19.0161,6746fbb7812d40000715cfbc,6746fbc2812d400007162a16
20,1,5739873269594113,buy,250,WOD-USDT,11:00:20.233000,5739873269594113,match,11:00:20.2822,6746fbb7812d40000715cfbc,6746fbc4f61fa00007956331
21,1,5739873798731777,buy,10,WOD-USDT,11:00:21.608000,5739873798731777,match,11:00:21.6596,6746fbb7812d40000715cfbc,6746fbc514a8920007b38835
22,1,5739873829664769,buy,250,WOD-USDT,11:00:21.680000,5739873829664769,match,11:00:21.7298,6746fbb7812d40000715cfbc,6746fbc58b053b000715b181
23,1,5739874013952001,buy,50,WOD-USDT,11:00:22.131000,5739874013952001,match,11:00:22.1814,6746fbb7812d40000715cfbc,6746fbc68b053b000715b4a5
24,1,5739874151708673,buy,976.8,WOD-USDT,11:00:22.548000,5739874151708673,match,11:00:22.5989,6746fbb7812d40000715cfbc,6746fbc6eaedf50007c78237
25,1,5739874391570433,buy,250,WOD-USDT,11:00:23.138000,5739874391570433,match,11:00:23.1948,6746fbb7812d40000715cfbc,6746fbc7439c1000070981cd
26,1.00001,5739874585688065,buy,24.9,WOD-USDT,11:00:23.719000,5739874585688065,match,11:00:23.7675,6746fbb71adbea0007db6eb9,6746fbc7e21c740007bdbe82
27,1.00001,5739874608625665,buy,3.5,WOD-USDT,11:00:23.793000,5739874608625665,match,11:00:23.8433,6746fbb71adbea0007db6eb9,6746fbc733b8f300078d59bc
28,1.00001,5739874608625668,buy,32.2,WOD-USDT,11:00:23.793000,5739874608625668,match,11:00:23.8434,6746fbb75e5d4c00074eb1cd,6746fbc733b8f300078d59bc
29,1.0083,5739874696312833,buy,19.6,WOD-USDT,11:00:23.970000,5739874696312833,match,11:00:24.0198,6746fbc533b8f300078d4ce0,6746fbc79e4e400007f0c847
30,1.01499,5739874891085827,buy,24.6,WOD-USDT,11:00:24.568000,5739874891085827,match,11:00:24.6143,6746fbc5754b1e0007e35eb4,6746fbc8ef434f0007c06623
31,1.15713,5739875284170753,buy,80.9,WOD-USDT,11:00:25.804000,5739875284170753,match,11:00:25.8523,6746fbc8633e9100075179ca,6746fbc933b8f300078d64f9
32,1.062,5739876323178497,sell,53.6,WOD-USDT,11:00:28.302000,5739876323178497,match,11:00:28.3550,6746fbcb725fc60007332bf8,6746fbcc725fc60007332dcb
33,1.062,5739876323178500,sell,18.5,WOD-USDT,11:00:28.302000,5739876323178500,match,11:00:28.3552,6746fbcce21c740007bddd31,6746fbcc725fc60007332dcb
34,1.062,5739876323178503,sell,28,WOD-USDT,11:00:28.302000,5739876323178503,match,11:00:28.3553,6746fbcc754b1e0007e389b9,6746fbcc725fc60007332dcb
35,1.062,5739876323178506,sell,26.6,WOD-USDT,11:00:28.302000,5739876323178506,match,11:00:28.3553,6746fbcce21c740007bddd3a,6746fbcc725fc60007332dcb
36,1.062,5739876323178509,sell,30.2,WOD-USDT,11:00:28.302000,5739876323178509,match,11:00:28.3553,6746fbcceaedf50007c7a765,6746fbcc725fc60007332dcb
37,1.05798,5739876323178512,sell,472.5,WOD-USDT,11:00:28.302000,5739876323178512,match,11:00:28.3556,6746fbcb725fc60007332931,6746fbcc725fc60007332dcb
38,1.056,5739876323178515,sell,53.9,WOD-USDT,11:00:28.302000,5739876323178515,match,11:00:28.3557,6746fbcb725fc60007332b88,6746fbcc725fc60007332dcb
39,1.054,5739876323178518,sell,54,WOD-USDT,11:00:28.302000,5739876323178518,match,11:00:28.3557,6746fbcb812d400007166572,6746fbcc725fc60007332dcb
40,1.037,5739876323178521,sell,54.9,WOD-USDT,11:00:28.302000,5739876323178521,match,11:00:28.3558,6746fbca33b8f300078d6ff2,6746fbcc725fc60007332dcb
41,1.02719,5739876323178524,sell,48.6,WOD-USDT,11:00:28.302000,5739876323178524,match,11:00:28.3558,6746fbcaf61fa00007959052,6746fbcc725fc60007332dcb
42,1.0242,5739876323178527,sell,24.4,WOD-USDT,11:00:28.302000,5739876323178527,match,11:00:28.4228,6746fbcaf61fa00007958f24,6746fbcc725fc60007332dcb
43,1.01843,5739876323178530,sell,36.6,WOD-USDT,11:00:28.302000,5739876323178530,match,11:00:28.4229,6746fbcab6d5080007dcbaf6,6746fbcc725fc60007332dcb
44,1.01501,5739876323178533,sell,79.9,WOD-USDT,11:00:28.302000,5739876323178533,match,11:00:28.4229,6746fbcb754b1e0007e383b0,6746fbcc725fc60007332dcb
45,1.0092,5739876323178536,sell,99,WOD-USDT,11:00:28.302000,5739876323178536,match,11:00:28.4230,6746fbc91adbea0007dbf076,6746fbcc725fc60007332dcb
46,1.0039,5739876323178539,sell,45.8,WOD-USDT,11:00:28.302000,5739876323178539,match,11:00:28.4230,6746fbcae21c740007bdcbf4,6746fbcc725fc60007332dcb
47,1.0039,5739876323178542,sell,45.8,WOD-USDT,11:00:28.302000,5739876323178542,match,11:00:28.4230,6746fbca439c100007099313,6746fbcc725fc60007332dcb
48,1.0039,5739876323178545,sell,45.8,WOD-USDT,11:00:28.302000,5739876323178545,match,11:00:28.4231,6746fbcadcdd7b000743004b,6746fbcc725fc60007332dcb
49,1,5739876323178548,sell,157.4,WOD-USDT,11:00:28.302000,5739876323178548,match,11:00:28.4231,6746fbc8b26bfb000707c402,6746fbcc725fc60007332dcb
50,1,5739876323178551,sell,28.2,WOD-USDT,11:00:28.302000,5739876323178551,match,11:00:28.4231,6746fbc833b8f300078d5d33,6746fbcc725fc60007332dcb
51,1,5739876323178554,sell,23.1,WOD-USDT,11:00:28.302000,5739876323178554,match,11:00:28.4231,6746fbc8812d400007165131,6746fbcc725fc60007332dcb
52,1,5739876323178557,sell,631.2,WOD-USDT,11:00:28.302000,5739876323178557,match,11:00:28.4232,6746fbc9b6d5080007dcaf7c,6746fbcc725fc60007332dcb
53,1,5739876323178560,sell,717.3,WOD-USDT,11:00:28.302000,5739876323178560,match,11:00:28.4232,6746fbcae21c740007bdd167,6746fbcc725fc60007332dcb
54,1,5739876323178563,sell,20,WOD-USDT,11:00:28.302000,5739876323178563,match,11:00:28.4232,6746fbcbb6d5080007dcc074,6746fbcc725fc60007332dcb
55,0.9995,5739876323178566,sell,918.8,WOD-USDT,11:00:28.302000,5739876323178566,match,11:00:28.4233,6746fbcbba86a000073ecf95,6746fbcc725fc60007332dcb
56,0.95985,5739876323178569,sell,67.7,WOD-USDT,11:00:28.302000,5739876323178569,match,11:00:28.4233,6746fbc1ba86a000073ec8c2,6746fbcc725fc60007332dcb
57,0.9,5739876327634945,buy,58.5,WOD-USDT,11:00:28.316000,5739876327634945,match,11:00:28.4234,6746fbcc725fc60007332dcb,6746fbcc633e910007517cc8
58,0.60952,5739876791629825,sell,20.4,WOD-USDT,11:00:29.581000,5739876791629825,match,11:00:29.6279,6746fbcde21c740007bde3fc,6746fbcd633e910007517d67
59,0.60952,5739876791629828,sell,20.4,WOD-USDT,11:00:29.581000,5739876791629828,match,11:00:29.6279,6746fbcd439c10000709aac5,6746fbcd633e910007517d67
60,0.60952,5739876791629831,sell,17.7,WOD-USDT,11:00:29.581000,5739876791629831,match,11:00:29.6280,6746fbcd812d400007166fe5,6746fbcd633e910007517d67
61,0.7776,5739877601916929,buy,24.4,WOD-USDT,11:00:31.686000,5739877601916929,match,11:00:31.7353,6746fbcfa69a4c000782cb6a,6746fbcf5a555000073a46e3
62,0.7776,5739877601916932,buy,26.6,WOD-USDT,11:00:31.686000,5739877601916932,match,11:00:31.7354,6746fbcfa69a4c000782ccd1,6746fbcf5a555000073a46e3
63,0.7776,5739877601916935,buy,30.2,WOD-USDT,11:00:31.686000,5739877601916935,match,11:00:31.7355,6746fbcfa69a4c000782ccd2,6746fbcf5a555000073a46e3
64,0.77761,5739877601916938,buy,52.9,WOD-USDT,11:00:31.686000,5739877601916938,match,11:00:31.7355,6746fbcfef434f0007c0934c,6746fbcf5a555000073a46e3
65,0.77761,5739877601916941,buy,18.5,WOD-USDT,11:00:31.686000,5739877601916941,match,11:00:31.7356,6746fbcf439c10000709b6f7,6746fbcf5a555000073a46e3
66,0.9,5739877633243137,buy,282.1,WOD-USDT,11:00:31.769000,5739877633243137,match,11:00:31.8206,6746fbcc725fc60007332dcb,6746fbcff61fa0000795adc2
67,0.89997,5739877654738945,sell,36.6,WOD-USDT,11:00:31.825000,5739877654738945,match,11:00:31.8742,6746fbcf5a555000073a46e3,6746fbcf2033a50007a4b72e
68,0.89997,5739878097762305,sell,192.4,WOD-USDT,11:00:32.823000,5739878097762305,match,11:00:32.8723,6746fbcf5a555000073a46e3,6746fbd0dcdd7b0007432d6c
69,0.89999,5739878239451137,buy,55.6,WOD-USDT,11:00:33.210000,5739878239451137,match,11:00:33.2584,6746fbd033b8f300078d942c,6746fbd1b6d5080007dce266
70,0.89999,5739878239451140,buy,55.6,WOD-USDT,11:00:33.210000,5739878239451140,match,11:00:33.2585,6746fbd08b053b000715f9ca,6746fbd1b6d5080007dce266
71,0.89999,5739878239451143,buy,55.6,WOD-USDT,11:00:33.210000,5739878239451143,match,11:00:33.2586,6746fbd0eaedf50007c7c388,6746fbd1b6d5080007dce266
72,0.9,5739878239451146,buy,174.1,WOD-USDT,11:00:33.210000,5739878239451146,match,11:00:33.2586,6746fbcc725fc60007332dcb,6746fbd1b6d5080007dce266
73,0.89997,5739878762166273,sell,54.5,WOD-USDT,11:00:34.554000,5739878762166273,match,11:00:34.6031,6746fbcf5a555000073a46e3,6746fbd25a555000073a57e9
74,0.8944,5739878841464833,buy,63.1,WOD-USDT,11:00:34.762000,5739878841464833,match,11:00:34.8120,6746fbd25a555000073a57e9,6746fbd2f61fa0000795bffa
75,0.8944,5739878928103425,buy,63.1,WOD-USDT,11:00:34.936000,5739878928103425,match,11:00:34.9809,6746fbd25a555000073a57e9,6746fbd25e5d4c00074f72ca
76,0.89439,5739878982891521,buy,10.6,WOD-USDT,11:00:35.050000,5739878982891521,match,11:00:35.1016,6746fbd2812d4000071691eb,6746fbd35e5d4c00074f7492
77,0.89439,5739878982891524,buy,10.6,WOD-USDT,11:00:35.050000,5739878982891524,match,11:00:35.1018,6746fbd25e5d4c00074f7367,6746fbd35e5d4c00074f7492
78,0.8944,5739878982891527,buy,41.9,WOD-USDT,11:00:35.050000,5739878982891527,match,11:00:35.1018,6746fbd25a555000073a57e9,6746fbd35e5d4c00074f7492
79,0.89334,5739879402452993,buy,63.1,WOD-USDT,11:00:35.893000,5739879402452993,match,11:00:35.9395,6746fbd3ba86a000073ed4e7,6746fbd3eaedf50007c7d8e0
80,0.89334,5739879453308929,buy,4.6,WOD-USDT,11:00:36.052000,5739879453308929,match,11:00:36.1009,6746fbd3ba86a000073ed4e7,6746fbd4439c10000709d554
81,0.9,5739879453308932,buy,58.5,WOD-USDT,11:00:36.052000,5739879453308932,match,11:00:36.1011,6746fbcc725fc60007332dcb,6746fbd4439c10000709d554
82,0.9,5739879499577345,buy,63.1,WOD-USDT,11:00:36.214000,5739879499577345,match,11:00:36.2640,6746fbcc725fc60007332dcb,6746fbd4b38d120007a70726
83,0.9,5739879563278337,buy,200,WOD-USDT,11:00:36.393000,5739879563278337,match,11:00:36.4436,6746fbcc725fc60007332dcb,6746fbd49e4e400007f1190d
84,0.9,5739879565113345,buy,63.1,WOD-USDT,11:00:36.395000,5739879565113345,match,11:00:36.4437,6746fbcc725fc60007332dcb,6746fbd4a69a4c000782eccf
85,0.9,5739880125446145,buy,44.2,WOD-USDT,11:00:37.849000,5739880125446145,match,11:00:37.8969,6746fbcc725fc60007332dcb,6746fbd55a555000073a71c3
86,0.899,5739880216147969,buy,50,WOD-USDT,11:00:38.046000,5739880216147969,match,11:00:38.0958,6746fbd52033a50007a4e0d7,6746fbd6a69a4c000782fa3c
87,0.9,5739880216147972,buy,21,WOD-USDT,11:00:38.046000,5739880216147972,match,11:00:38.0959,6746fbcc725fc60007332dcb,6746fbd6a69a4c000782fa3c
88,0.9,5739880618539009,buy,222.2,WOD-USDT,11:00:39.232000,5739880618539009,match,11:00:39.2832,6746fbcc725fc60007332dcb,6746fbd79e4e400007f12d05
89,0.9,5739880629417985,buy,144,WOD-USDT,11:00:39.280000,5739880629417985,match,11:00:39.3293,6746fbcc725fc60007332dcb,6746fbd71adbea0007dc4dc2
90,0.9,5739880912271361,buy,15.8,WOD-USDT,11:00:39.690000,5739880912271361,match,11:00:39.7418,6746fbcc725fc60007332dcb,6746fbd7754b1e0007e3d95d
91,0.85938,5739881979328513,sell,10,WOD-USDT,11:00:41.897000,5739881979328513,match,11:00:41.9489,6746fbd9f61fa0000795f891,6746fbd9b6d5080007dd2592
92,0.9,5739881990338561,buy,13.1,WOD-USDT,11:00:41.929000,5739881990338561,match,11:00:41.9740,6746fbcc725fc60007332dcb,6746fbd9725fc60007338cfc
93,1,5739882154440705,sell,257.6,WOD-USDT,11:00:42.491000,5739882154440705,match,11:00:42.5401,6746fbdaa69a4c0007831e16,6746fbda754b1e0007e3eed0
94,0.90001,5739882154440708,sell,43,WOD-USDT,11:00:42.491000,5739882154440708,match,11:00:42.5402,6746fbda5e5d4c00074fad32,6746fbda754b1e0007e3eed0
95,0.90001,5739882154440711,sell,17.1,WOD-USDT,11:00:42.491000,5739882154440711,match,11:00:42.5403,6746fbda812d40000716cb28,6746fbda754b1e0007e3eed0
96,0.9,5739882154440714,sell,180.9,WOD-USDT,11:00:42.491000,5739882154440714,match,11:00:42.5570,6746fbd9725fc60007338cfc,6746fbda754b1e0007e3eed0
97,0.90003,5739882494703617,sell,19.6,WOD-USDT,11:00:43.420000,5739882494703617,match,11:00:43.4698,6746fbda725fc60007339161,6746fbdbb6d5080007dd2f5d
98,1.01787,5739884613875713,buy,11.4,WOD-USDT,11:00:48.908000,5739884613875713,match,11:00:48.9564,6746fbe0f61fa000079624f9,6746fbe0812d40000716f968
99,1,5739884628948993,sell,18.9,WOD-USDT,11:00:48.951000,5739884628948993,match,11:00:48.9965,6746fbddf61fa00007960f9a,6746fbe0439c1000070a3473
100,1,5739884937361409,buy,40,WOD-USDT,11:00:49.936000,5739884937361409,match,11:00:49.9851,6746fbe11adbea0007dc9b98,6746fbe1dcdd7b000743a76d
101,1.01447,5739884937361412,buy,10,WOD-USDT,11:00:49.936000,5739884937361412,match,11:00:49.9853,6746fbe114a8920007b44979,6746fbe1dcdd7b000743a76d
102,1.102,5739885007616001,sell,23.1,WOD-USDT,11:00:50.155000,5739885007616001,match,11:00:50.2058,6746fbe1dcdd7b000743a76d,6746fbe2f61fa00007963047
103,1.102,5739885083506689,sell,20,WOD-USDT,11:00:50.388000,5739885083506689,match,11:00:50.4327,6746fbe1dcdd7b000743a76d,6746fbe2b6d5080007dd5db5
104,1.0206,5739886178875393,buy,15.7,WOD-USDT,11:00:53.229000,5739886178875393,match,11:00:53.2765,6746fbe4b26bfb00070884f7,6746fbe58b053b00071689eb
105,1.02061,5739886178875396,buy,8.3,WOD-USDT,11:00:53.229000,5739886178875396,match,11:00:53.2804,6746fbe4725fc6000733d3ca,6746fbe58b053b00071689eb
106,1.02816,5739887251961857,buy,97.2,WOD-USDT,11:00:56.364000,5739887251961857,match,11:00:56.4142,6746fbe7633e910007518f71,6746fbe814a8920007b4740c
107,1.02817,5739887251961860,buy,17.1,WOD-USDT,11:00:56.364000,5739887251961860,match,11:00:56.4144,6746fbe8a69a4c000783782a,6746fbe814a8920007b4740c
108,1.02817,5739887251961863,buy,34.7,WOD-USDT,11:00:56.364000,5739887251961863,match,11:00:56.4144,6746fbe8eaedf50007c86813,6746fbe814a8920007b4740c
109,1.0578,5739887251961866,buy,456.8,WOD-USDT,11:00:56.364000,5739887251961866,match,11:00:56.4145,6746fbe41adbea0007dcb0d0,6746fbe814a8920007b4740c
110,1.0672,5739888220977153,buy,36.5,WOD-USDT,11:00:58.707000,5739888220977153,match,11:00:58.7579,6746fbe3a69a4c000783584a,6746fbea2033a50007a56ff3
111,1.02061,5739888461232129,sell,19.7,WOD-USDT,11:00:59.310000,5739888461232129,match,11:00:59.3603,6746fbe8725fc6000733eed4,6746fbeb14a8920007b4877a
112,1,5739888738318337,sell,19.9,WOD-USDT,11:01:00.104000,5739888738318337,match,11:01:00.1532,6746fbe7e21c740007be99e8,6746fbece21c740007beb55b
113,1,5739888738318340,sell,11.9,WOD-USDT,11:01:00.104000,5739888738318340,match,11:01:00.1533,6746fbeb14a8920007b488d0,6746fbece21c740007beb55b
114,0.95005,5739889322637313,sell,45.1,WOD-USDT,11:01:01.477000,5739889322637313,match,11:01:01.5409,6746fbed439c1000070a85f3,6746fbed439c1000070a8753
115,0.95005,5739889322637316,sell,18,WOD-USDT,11:01:01.477000,5739889322637316,match,11:01:01.5411,6746fbedf61fa00007967aa5,6746fbed439c1000070a8753
116,0.95005,5739889322637319,sell,42.9,WOD-USDT,11:01:01.477000,5739889322637319,match,11:01:01.5412,6746fbedef434f0007c163a4,6746fbed439c1000070a8753
117,0.95,5739889752815617,sell,10,WOD-USDT,11:01:02.612000,5739889752815617,match,11:01:02.6634,6746fbe75e5d4c000750076a,6746fbee5a555000073b1d94
118,0.94311,5739890013517825,buy,96,WOD-USDT,11:01:03.231000,5739890013517825,match,11:01:03.2796,6746fbee5a555000073b1d94,6746fbefeaedf50007c8986b
119,0.94312,5739890013517828,buy,45.1,WOD-USDT,11:01:03.231000,5739890013517828,match,11:01:03.2797,6746fbeeb6d5080007ddb147,6746fbefeaedf50007c8986b
120,0.94312,5739890013517831,buy,18,WOD-USDT,11:01:03.231000,5739890013517831,match,11:01:03.2798,6746fbee9e4e400007f1d1ef,6746fbefeaedf50007c8986b
121,1.00776,5739890013517834,buy,99.2,WOD-USDT,11:01:03.231000,5739890013517834,match,11:01:03.2798,6746fbed633e9100075192dd,6746fbefeaedf50007c8986b
122,1.02769,5739890013517837,buy,42.9,WOD-USDT,11:01:03.231000,5739890013517837,match,11:01:03.2800,6746fbee14a8920007b4a13b,6746fbefeaedf50007c8986b
123,0.91007,5739890074597377,sell,18.5,WOD-USDT,11:01:03.378000,5739890074597377,match,11:01:03.4269,6746fbefb38d120007a7c62a,6746fbef33b8f300078e6924
124,0.91007,5739890074597380,sell,43.5,WOD-USDT,11:01:03.378000,5739890074597380,match,11:01:03.4270,6746fbefb38d120007a7c672,6746fbef33b8f300078e6924
125,0.92024,5739890891962369,sell,105.2,WOD-USDT,11:01:05.157000,5739890891962369,match,11:01:05.2059,6746fbf12033a50007a59f9c,6746fbf12033a50007a59ffc
126,0.92023,5739890891962372,sell,51,WOD-USDT,11:01:05.157000,5739890891962372,match,11:01:05.2060,6746fbf05a555000073b2ff3,6746fbf12033a50007a59ffc
127,0.92023,5739890891962375,sell,43.1,WOD-USDT,11:01:05.157000,5739890891962375,match,11:01:05.2063,6746fbf05e5d4c00075048de,6746fbf12033a50007a59ffc
128,0.92023,5739890891962378,sell,51,WOD-USDT,11:01:05.157000,5739890891962378,match,11:01:05.2063,6746fbf0754b1e0007e487c0,6746fbf12033a50007a59ffc
129,0.92021,5739890891962381,sell,11.5,WOD-USDT,11:01:05.157000,5739890891962381,match,11:01:05.2064,6746fbf05a555000073b2da9,6746fbf12033a50007a59ffc
130,0.9202,5739890891962384,sell,38,WOD-USDT,11:01:05.157000,5739890891962384,match,11:01:05.2064,6746fbf05a555000073b2c29,6746fbf12033a50007a59ffc
131,0.91011,5739890891962387,sell,29.4,WOD-USDT,11:01:05.157000,5739890891962387,match,11:01:05.2065,6746fbf0dcdd7b0007441057,6746fbf12033a50007a59ffc
132,0.91005,5739890891962390,sell,106.7,WOD-USDT,11:01:05.157000,5739890891962390,match,11:01:05.2065,6746fbe4e21c740007be821b,6746fbf12033a50007a59ffc
133,0.91,5739890891962393,sell,169.9,WOD-USDT,11:01:05.157000,5739890891962393,match,11:01:05.2067,6746fbde1adbea0007dc87c7,6746fbf12033a50007a59ffc
134,1.02043,5739891027097601,buy,52,WOD-USDT,11:01:05.547000,5739891027097601,match,11:01:05.6028,6746fbf19e4e400007f1e5ab,6746fbf1b38d120007a7d807
135,0.91005,5739891371685889,sell,209,WOD-USDT,11:01:06.451000,5739891371685889,match,11:01:06.5025,6746fbf2eaedf50007c8af9a,6746fbf2b38d120007a7ddd0
136,0.95001,5739897477937153,sell,40.6,WOD-USDT,11:01:20.960000,5739897477937153,match,11:01:21.0074,6746fbf45e5d4c00075065a7,6746fc008b053b00071752bf
137,0.96303,5739898348779521,buy,51,WOD-USDT,11:01:23.324000,5739898348779521,match,11:01:23.3716,6746fc03b6d5080007de4719,6746fc03633e91000751a1dd
138,0.96303,5739898348779524,buy,0.2,WOD-USDT,11:01:23.324000,5739898348779524,match,11:01:23.3717,6746fc03b26bfb00070962d0,6746fc03633e91000751a1dd
139,0.96297,5739898864809985,buy,36.3,WOD-USDT,11:01:24.792000,5739898864809985,match,11:01:24.8411,6746fc04f61fa000079725a6,6746fc04a69a4c00078446b3
140,0.96298,5739899028518913,buy,51,WOD-USDT,11:01:25.131000,5739899028518913,match,11:01:25.1762,6746fc04a69a4c00078447b5,6746fc05dcdd7b000744a1b4
141,0.96298,5739899028518916,buy,50.8,WOD-USDT,11:01:25.131000,5739899028518916,match,11:01:25.1807,6746fc04dcdd7b0007449fe9,6746fc05dcdd7b000744a1b4
142,0.98879,5739900066740225,buy,18.5,WOD-USDT,11:01:27.575000,5739900066740225,match,11:01:27.6212,6746fc05eaedf50007c93c05,6746fc07812d400007180c98
143,0.98888,5739900066740228,buy,31.7,WOD-USDT,11:01:27.575000,5739900066740228,match,11:01:27.6214,6746fbf433b8f300078e8daf,6746fc07812d400007180c98
144,0.98888,5739900457596929,buy,30.8,WOD-USDT,11:01:28.783000,5739900457596929,match,11:01:28.8333,6746fbf433b8f300078e8daf,6746fc08eaedf50007c9546c
145,0.98999,5739900457596932,buy,19.4,WOD-USDT,11:01:28.783000,5739900457596932,match,11:01:28.8333,6746fbf72033a50007a5d049,6746fc08eaedf50007c9546c
146,0.98999,5739900590897153,buy,0.9,WOD-USDT,11:01:29.219000,5739900590897153,match,11:01:29.2702,6746fbf72033a50007a5d049,6746fc09a69a4c00078465aa
147,1.09297,5739900953966593,buy,78.4,WOD-USDT,11:01:30.227000,5739900953966593,match,11:01:30.2715,6746fc0af61fa00007974b75,6746fc0ab6d5080007de7641
148,1.09295,5739901330274305,buy,11.6,WOD-USDT,11:01:31.481000,5739901330274305,match,11:01:31.5289,6746fc0bdcdd7b000744c9b2,6746fc0b439c1000070b5d53
149,1.0852,5739902240176129,buy,15.3,WOD-USDT,11:01:34.170000,5739902240176129,match,11:01:34.2198,6746fc0d754b1e0007e55172,6746fc0e5a555000073bf9fa
150,1.0852,5739902240176132,buy,190.7,WOD-USDT,11:01:34.170000,5739902240176132,match,11:01:34.2199,6746fc0eb6d5080007de8aa5,6746fc0e5a555000073bf9fa
151,1.08521,5739902240176135,buy,100.4,WOD-USDT,11:01:34.170000,5739902240176135,match,11:01:34.2200,6746fc0d33b8f300078f3edd,6746fc0e5a555000073bf9fa
152,1.1094,5739902641518593,buy,15.8,WOD-USDT,11:01:35.403000,5739902641518593,match,11:01:35.4531,6746fbdd725fc6000733a67b,6746fc0fba86a000073efdbf
153,1.13742,5739902882035713,sell,78.8,WOD-USDT,11:01:36.121000,5739902882035713,match,11:01:36.1704,6746fc0f1adbea0007ddd815,6746fc10ef434f0007c25300
154,1.25399,5739903503710209,buy,85.4,WOD-USDT,11:01:37.744000,5739903503710209,match,11:01:37.7949,6746fc10dcdd7b000744e280,6746fc11ef434f0007c25f18
155,1.254,5739903503710212,buy,71.5,WOD-USDT,11:01:37.744000,5739903503710212,match,11:01:37.7950,6746fbfff61fa0000797010a,6746fc11ef434f0007c25f18
156,1.15605,5739903806486529,sell,83.6,WOD-USDT,11:01:38.493000,5739903806486529,match,11:01:38.5418,6746fc12812d400007184d13,6746fc12f61fa00007977d05
157,1.15604,5739903806486532,sell,166.2,WOD-USDT,11:01:38.493000,5739903806486532,match,11:01:38.5419,6746fc12ef434f0007c264cf,6746fc12f61fa00007977d05
158,1.156,5739903806486535,sell,86.5,WOD-USDT,11:01:38.493000,5739903806486535,match,11:01:38.5420,6746fc1214a8920007b59556,6746fc12f61fa00007977d05
159,1.15202,5739903806486538,sell,15.6,WOD-USDT,11:01:38.493000,5739903806486538,match,11:01:38.5420,6746fc105e5d4c0007511e5f,6746fc12f61fa00007977d05
160,1.152,5739903806486541,sell,84.2,WOD-USDT,11:01:38.493000,5739903806486541,match,11:01:38.5420,6746fc105e5d4c0007511d23,6746fc12f61fa00007977d05
161,1.25399,5739903983958017,buy,78.7,WOD-USDT,11:01:38.980000,5739903983958017,match,11:01:39.0265,6746fc12812d400007184d6a,6746fc125e5d4c0007513156
162,1.25399,5739904021968897,buy,78.7,WOD-USDT,11:01:39.090000,5739904021968897,match,11:01:39.1348,6746fc12ef434f0007c2658d,6746fc13725fc60007351334
163,1.25399,5739904044120065,buy,87.5,WOD-USDT,11:01:39.147000,5739904044120065,match,11:01:39.1937,6746fc12ef434f0007c2658d,6746fc13ef434f0007c26901
164,1.254,5739904044120068,buy,645.8,WOD-USDT,11:01:39.147000,5739904044120068,match,11:01:39.1939,6746fbfff61fa0000797010a,6746fc13ef434f0007c26901
165,1.254,5739904044120071,buy,15.6,WOD-USDT,11:01:39.147000,5739904044120071,match,11:01:39.1939,6746fc12725fc600073510b4,6746fc13ef434f0007c26901
166,1.28084,5739904857159681,sell,59.1,WOD-USDT,11:01:40.978000,5739904857159681,match,11:01:41.0295,6746fc14812d400007185c91,6746fc145e5d4c0007513e4b
167,1.28085,5739905194932225,sell,14.9,WOD-USDT,11:01:41.949000,5739905194932225,match,11:01:41.9987,6746fc15eaedf50007c99e9a,6746fc1514a8920007b5ad5b
168,1.28084,5739905194932228,sell,18.9,WOD-USDT,11:01:41.949000,5739905194932228,match,11:01:41.9987,6746fc14812d400007185c91,6746fc1514a8920007b5ad5b
169,1.254,5739905194932231,sell,50.4,WOD-USDT,11:01:41.949000,5739905194932231,match,11:01:41.9988,6746fc13ef434f0007c26901,6746fc1514a8920007b5ad5b
170,1.25404,5739905666267137,sell,24.4,WOD-USDT,11:01:43.492000,5739905666267137,match,11:01:43.5432,6746fc16e21c740007bfda2c,6746fc17e21c740007bfdfcc
171,1.25404,5739905666267140,sell,24.4,WOD-USDT,11:01:43.492000,5739905666267140,match,11:01:43.5433,6746fc16b6d5080007debf81,6746fc17e21c740007bfdfcc
172,1.25403,5739905666267143,sell,27.6,WOD-USDT,11:01:43.492000,5739905666267143,match,11:01:43.5434,6746fc16dcdd7b0007450a8a,6746fc17e21c740007bfdfcc
173,1.254,5739905666267146,sell,159.5,WOD-USDT,11:01:43.492000,5739905666267146,match,11:01:43.5434,6746fc13ef434f0007c26901,6746fc17e21c740007bfdfcc
174,1.254,5739905666267149,sell,740.9,WOD-USDT,11:01:43.492000,5739905666267149,match,11:01:43.5435,6746fc15dcdd7b0007450720,6746fc17e21c740007bfdfcc
175,1.2809,5739905915172865,sell,12.5,WOD-USDT,11:01:44.254000,5739905915172865,match,11:01:44.3049,6746fc1833b8f300078f7d55,6746fc1814a8920007b5ba0c
176,1.25663,5739905915172868,sell,11.8,WOD-USDT,11:01:44.254000,5739905915172868,match,11:01:44.3051,6746fc18812d400007186dd0,6746fc1814a8920007b5ba0c
177,1.25556,5739905915172871,sell,20,WOD-USDT,11:01:44.254000,5739905915172871,match,11:01:44.3051,6746fc189e4e400007f2ebaa,6746fc1814a8920007b5ba0c
178,1.254,5739905915172874,sell,38,WOD-USDT,11:01:44.254000,5739905915172874,match,11:01:44.3052,6746fc15dcdd7b0007450720,6746fc1814a8920007b5ba0c
179,1.254,5739906223585281,sell,149.2,WOD-USDT,11:01:45.224000,5739906223585281,match,11:01:45.2743,6746fc15dcdd7b0007450720,6746fc19725fc60007353776
180,1.1832,5739906223585284,sell,28.2,WOD-USDT,11:01:45.224000,5739906223585284,match,11:01:45.2744,6746fc141adbea0007ddfa89,6746fc19725fc60007353776
181,1.23401,5739908457969665,buy,20,WOD-USDT,11:01:51.011000,5739908457969665,match,11:01:51.0616,6746fc1914a8920007b5c1d5,6746fc1e439c1000070bd5b8
182,1.20217,5739908924717057,sell,83.1,WOD-USDT,11:01:52.195000,5739908924717057,match,11:01:52.2420,6746fc1eeaedf50007c9daab,6746fc202033a50007a6daea
183,1.1936,5739908924717060,sell,83.7,WOD-USDT,11:01:52.195000,5739908924717060,match,11:01:52.2421,6746fc1cf61fa0000797bc94,6746fc202033a50007a6daea
184,1.1936,5739908924717063,sell,50.4,WOD-USDT,11:01:52.195000,5739908924717063,match,11:01:52.2424,6746fc1f633e91000751b4a0,6746fc202033a50007a6daea
185,1.1832,5739908924717066,sell,20,WOD-USDT,11:01:52.195000,5739908924717066,match,11:01:52.2424,6746fc1fe21c740007c01103,6746fc202033a50007a6daea
186,1.17178,5739908924717069,sell,42.6,WOD-USDT,11:01:52.195000,5739908924717069,match,11:01:52.2425,6746fc1bdcdd7b0007452cf5,6746fc202033a50007a6daea
187,1.15749,5739908924717072,sell,43.1,WOD-USDT,11:01:52.195000,5739908924717072,match,11:01:52.2426,6746fc1bb38d120007a8ef63,6746fc202033a50007a6daea
188,1.1424,5739908924717075,sell,87.5,WOD-USDT,11:01:52.195000,5739908924717075,match,11:01:52.2427,6746fc1c754b1e0007e5a9fc,6746fc202033a50007a6daea
189,1.1223,5739908924717078,sell,623.7,WOD-USDT,11:01:52.195000,5739908924717078,match,11:01:52.2427,6746fc1c33b8f300078f9732,6746fc202033a50007a6daea
190,1.11111,5739908924717081,sell,28.6,WOD-USDT,11:01:52.195000,5739908924717081,match,11:01:52.2427,6746fc1a439c1000070bb9b7,6746fc202033a50007a6daea
191,1.1,5739908924717084,sell,372.3,WOD-USDT,11:01:52.195000,5739908924717084,match,11:01:52.2428,6746fc0e5a555000073bf9fa,6746fc202033a50007a6daea
192,1.1,5739908928387073,sell,606.6,WOD-USDT,11:01:52.204000,5739908928387073,match,11:01:52.2478,6746fc0e5a555000073bf9fa,6746fc209e4e400007f31f91
193,1.1,5739908929697793,sell,3064.6,WOD-USDT,11:01:52.210000,5739908929697793,match,11:01:52.2569,6746fc0e5a555000073bf9fa,6746fc20725fc60007356521
194,1.1,5739908931008513,sell,2254.2,WOD-USDT,11:01:52.214000,5739908931008513,match,11:01:52.2649,6746fc0e5a555000073bf9fa,6746fc20e21c740007c01757
195,1.1,5739909276383233,sell,49.5,WOD-USDT,11:01:53.347000,5739909276383233,match,11:01:53.3984,6746fc0e5a555000073bf9fa,6746fc21e21c740007c01d80
196,1.25,5739909519783937,sell,147.8,WOD-USDT,11:01:54.189000,5739909519783937,match,11:01:54.2391,6746fc21dcdd7b000745518d,6746fc22e21c740007c02251
197,1.10572,5739909561202689,sell,20,WOD-USDT,11:01:54.314000,5739909561202689,match,11:01:54.3637,6746fc21b26bfb00070a21e2,6746fc22ba86a000073f09b1
198,1.1,5739909561202692,sell,17.9,WOD-USDT,11:01:54.314000,5739909561202692,match,11:01:54.3639,6746fc0e5a555000073bf9fa,6746fc22ba86a000073f09b1
199,1.1,5739909981812737,sell,78,WOD-USDT,11:01:55.514000,5739909981812737,match,11:01:55.5614,6746fc20439c1000070bde26,6746fc23725fc60007357814
200,1.1,5739909999245313,sell,292.4,WOD-USDT,11:01:55.572000,5739909999245313,match,11:01:55.6174,6746fc20439c1000070bde26,6746fc235a555000073c7e2c
201,1.09295,5739909999245316,sell,14.5,WOD-USDT,11:01:55.572000,5739909999245316,match,11:01:55.6175,6746fc0f33b8f300078f4750,6746fc235a555000073c7e2c
202,1.09295,5739910015498241,sell,7.6,WOD-USDT,11:01:55.643000,5739910015498241,match,11:01:55.6947,6746fc0f33b8f300078f4750,6746fc23754b1e0007e5d780
203,1.08521,5739910015498244,sell,78.9,WOD-USDT,11:01:55.643000,5739910015498244,match,11:01:55.6948,6746fc19725fc60007353c8c,6746fc23754b1e0007e5d780
204,1.08521,5739910101350401,sell,156.9,WOD-USDT,11:01:55.901000,5739910101350401,match,11:01:55.9504,6746fc19725fc60007353c8c,6746fc238b053b0007182b04
205,1.08521,5739910140016641,sell,38.2,WOD-USDT,11:01:56.050000,5739910140016641,match,11:01:56.0989,6746fc19725fc60007353c8c,6746fc2433b8f300078fc775
206,1.072,5739910141065217,buy,14.6,WOD-USDT,11:01:56.054000,5739910141065217,match,11:01:56.1048,6746fc2433b8f300078fc775,6746fc24dcdd7b0007455f5d
207,1.03275,5739910313555969,buy,25.3,WOD-USDT,11:01:56.507000,5739910313555969,match,11:01:56.5568,6746fc24eaedf50007c9f8fd,6746fc24439c1000070bf553
208,1.00001,5739910810712065,sell,13,WOD-USDT,11:01:57.971000,5739910810712065,match,11:01:58.0227,6746fc24f61fa0000797eb22,6746fc25b38d120007a93148
209,1,5739910810712068,sell,99.1,WOD-USDT,11:01:57.971000,5739910810712068,match,11:01:58.0228,6746fc23a69a4c0007850445,6746fc25b38d120007a93148
210,0.9856,5739911010859009,buy,17.6,WOD-USDT,11:01:58.679000,5739911010859009,match,11:01:58.7283,6746fc25b38d120007a93148,6746fc26754b1e0007e5e944
211,0.98557,5739911673559041,buy,28.8,WOD-USDT,11:02:00.449000,5739911673559041,match,11:02:00.4985,6746fc26b38d120007a935c9,6746fc288b053b00071846b8
212,0.9856,5739911673559044,buy,21.2,WOD-USDT,11:02:00.449000,5739911673559044,match,11:02:00.4986,6746fc25b38d120007a93148,6746fc288b053b00071846b8
213,0.96302,5739911723759617,sell,120.6,WOD-USDT,11:02:00.562000,5739911723759617,match,11:02:00.6116,6746fc06439c1000070b428a,6746fc28dcdd7b0007457b43
214,0.95,5739911723759620,sell,369.2,WOD-USDT,11:02:00.562000,5739911723759620,match,11:02:00.6117,6746fbf45a555000073b4b73,6746fc28dcdd7b0007457b43
215,0.95,5739911766882305,buy,290.5,WOD-USDT,11:02:00.662000,5739911766882305,match,11:02:00.7112,6746fc28dcdd7b0007457b43,6746fc285a555000073c9ca2
216,0.9856,5739911766882308,buy,20.3,WOD-USDT,11:02:00.662000,5739911766882308,match,11:02:00.7114,6746fc25b38d120007a93148,6746fc285a555000073c9ca2
217,0.99999,5739911766882311,buy,36.2,WOD-USDT,11:02:00.662000,5739911766882311,match,11:02:00.7114,6746fc28b38d120007a94100,6746fc285a555000073c9ca2
218,1.00001,5739911807252481,sell,98.3,WOD-USDT,11:02:00.780000,5739911807252481,match,11:02:00.8311,6746fc28812d40000718d637,6746fc28b38d120007a94379
219,1,5739911807252484,sell,3.4,WOD-USDT,11:02:00.780000,5739911807252484,match,11:02:00.8313,6746fc285a555000073c9ca2,6746fc28b38d120007a94379
220,1.03271,5739912300476417,buy,10,WOD-USDT,11:02:01.849000,5739912300476417,match,11:02:01.8972,6746fc299e4e400007f35929,6746fc299e4e400007f35b76
221,1.00001,5739912980084737,sell,196.7,WOD-USDT,11:02:03.623000,5739912980084737,match,11:02:03.6719,6746fc281adbea0007de762c,6746fc2b33b8f300078ff91f
222,1.00001,5739912980084740,sell,53.7,WOD-USDT,11:02:03.623000,5739912980084740,match,11:02:03.6720,6746fc28725fc60007359a0f,6746fc2b33b8f300078ff91f
223,1.00002,5739913310124033,sell,86.6,WOD-USDT,11:02:04.530000,5739913310124033,match,11:02:04.5782,6746fc2ce21c740007c06319,6746fc2cb26bfb00070a65aa
224,1.03251,5739915539134465,buy,28.9,WOD-USDT,11:02:10.787000,5739915539134465,match,11:02:10.8353,6746fc325a555000073cdb17,6746fc32812d400007191365
225,1.03248,5739916314294273,buy,20.3,WOD-USDT,11:02:12.988000,5739916314294273,match,11:02:13.0376,6746fc3414a8920007b6690c,6746fc34ef434f0007c33889
226,1.03248,5739916314294276,buy,24.4,WOD-USDT,11:02:12.988000,5739916314294276,match,11:02:13.0376,6746fc349e4e400007f39bb9,6746fc34ef434f0007c33889
227,1.03251,5739916338935809,buy,14.9,WOD-USDT,11:02:13.072000,5739916338935809,match,11:02:13.1225,6746fc33b26bfb00070a8d79,6746fc35ba86a000073f1524
228,1.03252,5739916759414785,sell,90.5,WOD-USDT,11:02:14.236000,5739916759414785,match,11:02:14.2918,6746fc36b6d5080007df80f0,6746fc36b6d5080007df8183
229,1.03251,5739916759414788,sell,196.7,WOD-USDT,11:02:14.236000,5739916759414788,match,11:02:14.2919,6746fc3514a8920007b66f15,6746fc36b6d5080007df8183
230,1.0325,5739916759414791,sell,24.1,WOD-USDT,11:02:14.236000,5739916759414791,match,11:02:14.2919,6746fc34ef434f0007c33889,6746fc36b6d5080007df8183
231,1.01491,5739916759414794,sell,45.3,WOD-USDT,11:02:14.236000,5739916759414794,match,11:02:14.2920,6746fc355e5d4c00075205d9,6746fc36b6d5080007df8183
232,1.01459,5739916759414797,sell,49.2,WOD-USDT,11:02:14.236000,5739916759414797,match,11:02:14.2920,6746fc35eaedf50007ca651f,6746fc36b6d5080007df8183
233,1.01459,5739916759414800,sell,49.2,WOD-USDT,11:02:14.236000,5739916759414800,match,11:02:14.2920,6746fc368b053b0007189b19,6746fc36b6d5080007df8183
234,1.006,5739916759414803,sell,24.8,WOD-USDT,11:02:14.236000,5739916759414803,match,11:02:14.2921,6746fc3533b8f30007903630,6746fc36b6d5080007df8183
235,1.006,5739916759414806,sell,24.8,WOD-USDT,11:02:14.236000,5739916759414806,match,11:02:14.2921,6746fc361adbea0007dec60b,6746fc36b6d5080007df8183
236,1.004,5739916759414809,sell,24.9,WOD-USDT,11:02:14.236000,5739916759414809,match,11:02:14.2921,6746fc35ef434f0007c33d71,6746fc36b6d5080007df8183
237,1.002,5739916759414812,sell,24.9,WOD-USDT,11:02:14.236000,5739916759414812,match,11:02:14.2921,6746fc35e21c740007c096ef,6746fc36b6d5080007df8183
238,1.00002,5739916759414815,sell,147.7,WOD-USDT,11:02:14.236000,5739916759414815,match,11:02:14.2929,6746fc32b6d5080007df6c9b,6746fc36b6d5080007df8183
239,1,5739916759414818,sell,158.4,WOD-USDT,11:02:14.236000,5739916759414818,match,11:02:14.2929,6746fc285a555000073c9ca2,6746fc36b6d5080007df8183
240,1,5739916759414821,sell,517.7,WOD-USDT,11:02:14.236000,5739916759414821,match,11:02:14.2930,6746fc2cf61fa00007981cf0,6746fc36b6d5080007df8183
241,1,5739916759414824,sell,59,WOD-USDT,11:02:14.236000,5739916759414824,match,11:02:14.2930,6746fc2cef434f0007c3070f,6746fc36b6d5080007df8183
242,1,5739916759414827,sell,13.9,WOD-USDT,11:02:14.236000,5739916759414827,match,11:02:14.2931,6746fc31725fc6000735cf00,6746fc36b6d5080007df8183
243,1,5739916759414830,sell,5521.6,WOD-USDT,11:02:14.236000,5739916759414830,match,11:02:14.2931,6746fc33633e91000751c047,6746fc36b6d5080007df8183
244,1.02061,5739918814623745,sell,15.8,WOD-USDT,11:02:20.311000,5739918814623745,match,11:02:20.3613,6746fc3bb38d120007a9b982,6746fc3c1adbea0007deed51
245,1.0206,5739918814623748,sell,24.4,WOD-USDT,11:02:20.311000,5739918814623748,match,11:02:20.3614,6746fc3b8b053b000718bd71,6746fc3c1adbea0007deed51
246,1.00005,5739918814623751,sell,63.4,WOD-USDT,11:02:20.311000,5739918814623751,match,11:02:20.3614,6746fc3c33b8f30007905bcb,6746fc3c1adbea0007deed51
247,1.00004,5739918814623754,sell,34.2,WOD-USDT,11:02:20.311000,5739918814623754,match,11:02:20.3616,6746fc3b1adbea0007dee9d3,6746fc3c1adbea0007deed51
248,1.00001,5739918814623757,sell,102.1,WOD-USDT,11:02:20.311000,5739918814623757,match,11:02:20.3618,6746fc398b053b000718b16e,6746fc3c1adbea0007deed51
249,1,5739918814623760,sell,1698.6,WOD-USDT,11:02:20.311000,5739918814623760,match,11:02:20.3618,6746fc33633e91000751c047,6746fc3c1adbea0007deed51
250,1,5739918814754817,sell,1457.6,WOD-USDT,11:02:20.311000,5739918814754817,match,11:02:20.3618,6746fc33633e91000751c047,6746fc3ce21c740007c0c229
251,1,5739918816458753,sell,971.5,WOD-USDT,11:02:20.317000,5739918816458753,match,11:02:20.3674,6746fc33633e91000751c047,6746fc3c14a8920007b697bc
252,1,5739919125657601,sell,99.4,WOD-USDT,11:02:21.140000,5739919125657601,match,11:02:21.1899,6746fc33633e91000751c047,6746fc3d8b053b000718c7ac
253,1,5739919305488385,sell,27.3,WOD-USDT,11:02:21.740000,5739919305488385,match,11:02:21.7889,6746fc33633e91000751c047,6746fc3ddcdd7b000745fdff
254,1,5739919596992513,sell,224,WOD-USDT,11:02:22.414000,5739919596992513,match,11:02:22.4630,6746fc33633e91000751c047,6746fc3e2033a50007a79490
255,1,5739919596992516,sell,10,WOD-USDT,11:02:22.414000,5739919596992516,match,11:02:22.4630,6746fc3def434f0007c36e1e,6746fc3e2033a50007a79490
256,0.99324,5739919596992519,sell,10,WOD-USDT,11:02:22.414000,5739919596992519,match,11:02:22.4631,6746fc3deaedf50007ca9769,6746fc3e2033a50007a79490
257,0.99,5739919596992522,sell,248.5,WOD-USDT,11:02:22.414000,5739919596992522,match,11:02:22.4631,6746fc30b26bfb00070a7df2,6746fc3e2033a50007a79490
258,0.99,5739919899113473,sell,98.4,WOD-USDT,11:02:23.329000,5739919899113473,match,11:02:23.3795,6746fc30b26bfb00070a7df2,6746fc3f8b053b000718d3e3
259,0.99251,5739920451713025,sell,38,WOD-USDT,11:02:25.094000,5739920451713025,match,11:02:25.1464,6746fc40439c1000070ca043,6746fc4114a8920007b6b2f3
260,0.99251,5739920451713028,sell,19,WOD-USDT,11:02:25.094000,5739920451713028,match,11:02:25.1465,6746fc409e4e400007f3e38c,6746fc4114a8920007b6b2f3
261,0.9925,5739920451713031,sell,11,WOD-USDT,11:02:25.094000,5739920451713031,match,11:02:25.1466,6746fc3f1adbea0007df00db,6746fc4114a8920007b6b2f3
262,0.99,5739920451713034,sell,655,WOD-USDT,11:02:25.094000,5739920451713034,match,11:02:25.1466,6746fc30b26bfb00070a7df2,6746fc4114a8920007b6b2f3
263,0.9856,5739920451713037,sell,10.2,WOD-USDT,11:02:25.094000,5739920451713037,match,11:02:25.1466,6746fc29754b1e0007e5fecc,6746fc4114a8920007b6b2f3
264,0.9125,5739920451713040,sell,13,WOD-USDT,11:02:25.094000,5739920451713040,match,11:02:25.1467,6746fc30eaedf50007ca433c,6746fc4114a8920007b6b2f3
265,0.91005,5739920451713043,sell,32.9,WOD-USDT,11:02:25.094000,5739920451713043,match,11:02:25.1469,6746fbf7f61fa0000796cb47,6746fc4114a8920007b6b2f3
266,0.91,5739920451713046,sell,80.2,WOD-USDT,11:02:25.094000,5739920451713046,match,11:02:25.1469,6746fbde1adbea0007dc87c7,6746fc4114a8920007b6b2f3
267,0.91,5739920451713049,sell,102,WOD-USDT,11:02:25.094000,5739920451713049,match,11:02:25.1470,6746fc115e5d4c00075128a0,6746fc4114a8920007b6b2f3
268,0.90003,5739920451713052,sell,29.7,WOD-USDT,11:02:25.094000,5739920451713052,match,11:02:25.1470,6746fbe1754b1e0007e41ed1,6746fc4114a8920007b6b2f3
269,0.90003,5739920451713055,sell,222.2,WOD-USDT,11:02:25.094000,5739920451713055,match,11:02:25.1472,6746fbe39e4e400007f185f5,6746fc4114a8920007b6b2f3
270,0.90003,5739920451713058,sell,298.2,WOD-USDT,11:02:25.094000,5739920451713058,match,11:02:25.1473,6746fbe3812d400007170b05,6746fc4114a8920007b6b2f3
271,0.90003,5739920451713061,sell,31.5,WOD-USDT,11:02:25.094000,5739920451713061,match,11:02:25.1473,6746fc3cb6d5080007dfacbf,6746fc4114a8920007b6b2f3
272,0.9,5739920451713064,sell,5555.5,WOD-USDT,11:02:25.094000,5739920451713064,match,11:02:25.1473,6746fbf55e5d4c0007506aee,6746fc4114a8920007b6b2f3
273,0.9,5739920451713067,sell,14.6,WOD-USDT,11:02:25.094000,5739920451713067,match,11:02:25.1474,6746fc1deaedf50007c9d016,6746fc4114a8920007b6b2f3
274,0.9,5739920451713070,sell,422.9,WOD-USDT,11:02:25.094000,5739920451713070,match,11:02:25.1474,6746fc2914a8920007b628f8,6746fc4114a8920007b6b2f3
275,0.9,5739920451713073,sell,500.4,WOD-USDT,11:02:25.094000,5739920451713073,match,11:02:25.1474,6746fc2ba69a4c0007853855,6746fc4114a8920007b6b2f3
276,0.9,5739920451713076,sell,20,WOD-USDT,11:02:25.094000,5739920451713076,match,11:02:25.1475,6746fc3933b8f30007904d71,6746fc4114a8920007b6b2f3
277,1.07034,5739921005099009,buy,20,WOD-USDT,11:02:26.459000,5739921005099009,match,11:02:26.5095,6746fc268b053b0007183788,6746fc421adbea0007df13fb
278,1.0713,5739921005099012,buy,2.8,WOD-USDT,11:02:26.459000,5739921005099012,match,11:02:26.5096,6746fc42a69a4c000785c462,6746fc421adbea0007df13fb
279,0.9486,5739921076664321,buy,10,WOD-USDT,11:02:26.707000,5739921076664321,match,11:02:26.7534,6746fc42e21c740007c0ea29,6746fc42a69a4c000785c657
280,1.0626,5739921109694465,buy,48.6,WOD-USDT,11:02:26.830000,5739921109694465,match,11:02:26.8810,6746fc4233b8f30007908675,6746fc42633e91000751ca08
281,1.07127,5739921109694468,buy,103.5,WOD-USDT,11:02:26.830000,5739921109694468,match,11:02:26.8811,6746fc42dcdd7b0007461d33,6746fc42633e91000751ca08
282,1.07128,5739921109694471,buy,103.5,WOD-USDT,11:02:26.830000,5739921109694471,match,11:02:26.8811,6746fc421adbea0007df14fc,6746fc42633e91000751ca08
283,1.08,5739921109694474,buy,61.2,WOD-USDT,11:02:26.830000,5739921109694474,match,11:02:26.8812,6746fc40725fc600073626b5,6746fc42633e91000751ca08
284,1.08332,5739921109694477,buy,45.3,WOD-USDT,11:02:26.830000,5739921109694477,match,11:02:26.8813,6746fc429e4e400007f3f1c8,6746fc42633e91000751ca08
285,1.102,5739921149802497,sell,15.8,WOD-USDT,11:02:26.902000,5739921149802497,match,11:02:26.9523,6746fc42633e91000751ca08,6746fc42f61fa0000798a7af
286,1.102,5739921203148801,sell,347.4,WOD-USDT,11:02:27.065000,5739921203148801,match,11:02:27.1118,6746fc42633e91000751ca08,6746fc438b053b000718ec47
287,0.98247,5739923820656641,buy,31.6,WOD-USDT,11:02:32.852000,5739923820656641,match,11:02:32.9014,6746fc46812d400007199ae6,6746fc482033a50007a7e517
288,0.9825,5739923820656644,buy,13,WOD-USDT,11:02:32.852000,5739923820656644,match,11:02:32.9016,6746fc452033a50007a7ceba,6746fc482033a50007a7e517
289,0.98994,5739923820656647,buy,45.3,WOD-USDT,11:02:32.852000,5739923820656647,match,11:02:32.9016,6746fc48a69a4c000785f9c7,6746fc482033a50007a7e517
290,0.98998,5739924500002817,buy,25.1,WOD-USDT,11:02:34.812000,5739924500002817,match,11:02:34.8605,6746fc491adbea0007df4e7b,6746fc4ab26bfb00070b2ecf
291,0.90001,5739924955871233,sell,18.9,WOD-USDT,11:02:36.115000,5739924955871233,match,11:02:36.1661,6746fc48812d40000719ac67,6746fc4cef434f0007c3db20
292,0.9,5739924955871236,sell,54.4,WOD-USDT,11:02:36.115000,5739924955871236,match,11:02:36.1662,6746fc48e21c740007c11d10,6746fc4cef434f0007c3db20
293,0.89582,5739924955871239,sell,10,WOD-USDT,11:02:36.115000,5739924955871239,match,11:02:36.1663,6746fc4b5a555000073d8a5d,6746fc4cef434f0007c3db20
294,0.87,5739924955871242,sell,168.2,WOD-USDT,11:02:36.115000,5739924955871242,match,11:02:36.1663,6746fc47754b1e0007e6c631,6746fc4cef434f0007c3db20
295,0.86,5739924955871245,sell,41,WOD-USDT,11:02:36.115000,5739924955871245,match,11:02:36.1664,6746fbec14a8920007b49087,6746fc4cef434f0007c3db20
296,0.86,5739924955871248,sell,37,WOD-USDT,11:02:36.115000,5739924955871248,match,11:02:36.1665,6746fc44725fc60007364f72,6746fc4cef434f0007c3db20
297,0.85,5739924955871251,sell,961.8,WOD-USDT,11:02:36.115000,5739924955871251,match,11:02:36.1667,6746fc44b6d5080007dfe57a,6746fc4cef434f0007c3db20
298,0.9856,5739925949790209,sell,168.2,WOD-USDT,11:02:39.014000,5739925949790209,match,11:02:39.0628,6746fc4eb26bfb00070b484f,6746fc4fb38d120007aa4520
299,0.9856,5739926016112641,sell,61.1,WOD-USDT,11:02:39.249000,5739926016112641,match,11:02:39.2980,6746fc4eb26bfb00070b484f,6746fc4fb26bfb00070b4b6b
300,0.9856,5739926478010369,sell,41,WOD-USDT,11:02:40.749000,5739926478010369,match,11:02:40.7953,6746fc4eb26bfb00070b484f,6746fc50e21c740007c15397
301,0.9856,5739926610786305,sell,14.9,WOD-USDT,11:02:41.130000,5739926610786305,match,11:02:41.1799,6746fc4eb26bfb00070b484f,6746fc51633e91000751d494
302,0.9856,5739926664787969,sell,33.6,WOD-USDT,11:02:41.294000,5739926664787969,match,11:02:41.3439,6746fc4eb26bfb00070b484f,6746fc51b38d120007aa52c1
303,0.97996,5739926942791681,buy,13.4,WOD-USDT,11:02:42.069000,5739926942791681,match,11:02:42.1182,6746fc512033a50007a81f42,6746fc525a555000073db067
304,0.9,5739927107680257,sell,42.8,WOD-USDT,11:02:42.613000,5739927107680257,match,11:02:42.6616,6746fc4e14a8920007b71b2c,6746fc52b6d5080007e044ab
305,0.9,5739927107680260,sell,77.2,WOD-USDT,11:02:42.613000,5739927107680260,match,11:02:42.6617,6746fc52725fc6000736aa39,6746fc52b6d5080007e044ab
306,0.88591,5739927107680263,sell,103.1,WOD-USDT,11:02:42.613000,5739927107680263,match,11:02:42.6619,6746fc4c8b053b0007193996,6746fc52b6d5080007e044ab
307,0.80099,5739927107811329,sell,249.6,WOD-USDT,11:02:42.613000,5739927107811329,match,11:02:42.6620,6746fc4af61fa0000798e86e,6746fc52754b1e0007e70ba7
308,0.64,5739927109122049,sell,312.5,WOD-USDT,11:02:42.615000,5739927109122049,match,11:02:42.6620,6746fc44725fc60007364e68,6746fc5233b8f3000790faa6
309,0.6,5739927109122052,sell,10,WOD-USDT,11:02:42.615000,5739927109122052,match,11:02:42.6621,6746fbb0a69a4c000781e9b1,6746fc5233b8f3000790faa6
310,0.6,5739927109122055,sell,10,WOD-USDT,11:02:42.615000,5739927109122055,match,11:02:42.6621,6746fbc6ef434f0007c05c4f,6746fc5233b8f3000790faa6
311,0.6,5739927109122058,sell,12.1,WOD-USDT,11:02:42.615000,5739927109122058,match,11:02:42.6622,6746fbe3b6d5080007dd67ea,6746fc5233b8f3000790faa6
312,0.6,5739927109122061,sell,10,WOD-USDT,11:02:42.615000,5739927109122061,match,11:02:42.6622,6746fc4ee21c740007c145c3,6746fc5233b8f3000790faa6
313,0.79999,5739927757797377,buy,20,WOD-USDT,11:02:44.377000,5739927757797377,match,11:02:44.4252,6746fc53754b1e0007e70fd8,6746fc5414a8920007b73cc1
314,0.79997,5739928154945537,buy,65.3,WOD-USDT,11:02:45.357000,5739928154945537,match,11:02:45.4062,6746fc548b053b0007196a83,6746fc552033a50007a8338f
315,0.65,5739929424508929,sell,210.4,WOD-USDT,11:02:48.292000,5739929424508929,match,11:02:48.3437,6746fc53e21c740007c161f5,6746fc58ef434f0007c42d3c
316,0.79999,5739929424640001,buy,105.8,WOD-USDT,11:02:48.292000,5739929424640001,match,11:02:48.3438,6746fc568b053b0007197c35,6746fc585a555000073dde5a
317,0.55,5739929426081793,sell,95.6,WOD-USDT,11:02:48.296000,5739929426081793,match,11:02:48.3438,6746fbe1b26bfb000708744e,6746fc58754b1e0007e736db
318,0.50001,5739929426081796,sell,107.3,WOD-USDT,11:02:48.296000,5739929426081796,match,11:02:48.3438,6746fc4c439c1000070cfc0e,6746fc58754b1e0007e736db
319,0.5,5739929426081799,sell,245.2,WOD-USDT,11:02:48.296000,5739929426081799,match,11:02:48.3438,6746fbfbba86a000073ef174,6746fc58754b1e0007e736db
320,0.79993,5739930221295617,buy,12.5,WOD-USDT,11:02:50.603000,5739930221295617,match,11:02:50.6479,6746fc5aa69a4c0007867141,6746fc5a2033a50007a85b2e
321,0.6,5739931019655171,sell,97.6,WOD-USDT,11:02:52.704000,5739931019655171,match,11:02:52.7545,6746fc595a555000073de562,6746fc5cb6d5080007e08a3e
322,0.55001,5739931019655174,sell,124,WOD-USDT,11:02:52.704000,5739931019655174,match,11:02:52.7546,6746fc5b14a8920007b76dba,6746fc5cb6d5080007e08a3e
323,0.55,5739931019655177,sell,637.3,WOD-USDT,11:02:52.704000,5739931019655177,match,11:02:52.7547,6746fc5aeaedf50007cb5f1e,6746fc5cb6d5080007e08a3e
324,0.51466,5739931788654593,sell,40,WOD-USDT,11:02:54.725000,5739931788654593,match,11:02:54.7739,6746fc5d33b8f300079146b4,6746fc5e8b053b000719b271
325,0.512,5739931788654596,sell,4.2,WOD-USDT,11:02:54.725000,5739931788654596,match,11:02:54.7740,6746fc595e5d4c000752fbfb,6746fc5e8b053b000719b271
326,0.64,5739931805956097,sell,20,WOD-USDT,11:02:54.776000,5739931805956097,match,11:02:54.8264,6746fc5e8b053b000719b2d5,6746fc5e439c1000070d7898
327,0.64,5739931815917569,sell,20,WOD-USDT,11:02:54.815000,5739931815917569,match,11:02:54.8656,6746fc5e8b053b000719b2d5,6746fc5e2033a50007a87826
328,0.64,5739931895740417,sell,272.5,WOD-USDT,11:02:55.033000,5739931895740417,match,11:02:55.0785,6746fc5e8b053b000719b2d5,6746fc5f1adbea0007dfdfe3
329,0.79986,5739932887431169,buy,75.3,WOD-USDT,11:02:57.739000,5739932887431169,match,11:02:57.7868,6746fc615e5d4c0007533090,6746fc612033a50007a88a4b
330,0.55002,5739932887693313,sell,445,WOD-USDT,11:02:57.741000,5739932887693313,match,11:02:57.7869,6746fc60812d4000071a47d5,6746fc61725fc6000737137a
331,0.51421,5739932887693316,sell,40.1,WOD-USDT,11:02:57.741000,5739932887693316,match,11:02:57.7870,6746fc602033a50007a8821f,6746fc61725fc6000737137a
332,0.512,5739932887693319,sell,17.3,WOD-USDT,11:02:57.741000,5739932887693319,match,11:02:57.7876,6746fc595e5d4c000752fbfb,6746fc61725fc6000737137a
333,0.54285,5739933078403073,buy,20,WOD-USDT,11:02:58.271000,5739933078403073,match,11:02:58.3174,6746fc612033a50007a88aa8,6746fc629e4e400007f4d016
334,0.54285,5739933078403076,buy,4.2,WOD-USDT,11:02:58.271000,5739933078403076,match,11:02:58.3176,6746fc612033a50007a88ae1,6746fc629e4e400007f4d016
335,0.54285,5739933303060481,buy,15.9,WOD-USDT,11:02:58.808000,5739933303060481,match,11:02:58.8572,6746fc612033a50007a88ae1,6746fc62ba86a000073f34b4
336,0.55,5739933310007297,sell,13.7,WOD-USDT,11:02:58.823000,5739933310007297,match,11:02:58.8735,6746fc62ba86a000073f34b4,6746fc62dcdd7b000746fea6
337,0.512,5739933310007300,sell,300.4,WOD-USDT,11:02:58.823000,5739933310007300,match,11:02:58.8736,6746fc595e5d4c000752fbfb,6746fc62dcdd7b000746fea6
338,0.512,5739933310007303,sell,522,WOD-USDT,11:02:58.823000,5739933310007303,match,11:02:58.8737,6746fc629e4e400007f4d0d7,6746fc62dcdd7b000746fea6
339,0.5,5739933310007306,sell,220.7,WOD-USDT,11:02:58.823000,5739933310007306,match,11:02:58.8738,6746fc5a1adbea0007dfc2b8,6746fc62dcdd7b000746fea6
340,0.5,5739933310007309,sell,13.1,WOD-USDT,11:02:58.823000,5739933310007309,match,11:02:58.8738,6746fc611adbea0007dff1d6,6746fc62dcdd7b000746fea6
341,0.6,5739933952784385,sell,321.9,WOD-USDT,11:03:00.482000,5739933952784385,match,11:03:00.5330,6746fc64dcdd7b000747073c,6746fc64e21c740007c1d676
342,0.79986,5739934113085441,buy,6.2,WOD-USDT,11:03:00.895000,5739934113085441,match,11:03:00.9452,6746fc6333b8f30007916dbf,6746fc64ef434f0007c47cd6
343,0.79985,5739934219122689,buy,98.4,WOD-USDT,11:03:01.218000,5739934219122689,match,11:03:01.2663,6746fc658b053b000719da26,6746fc655e5d4c0007534739
344,0.79986,5739934219122692,buy,3.8,WOD-USDT,11:03:01.218000,5739934219122692,match,11:03:01.2664,6746fc6333b8f30007916dbf,6746fc655e5d4c0007534739
345,0.79986,5739934219122695,buy,44.7,WOD-USDT,11:03:01.218000,5739934219122695,match,11:03:01.2665,6746fc65eaedf50007cba3e3,6746fc655e5d4c0007534739
346,0.79986,5739934329354241,buy,125,WOD-USDT,11:03:01.514000,5739934329354241,match,11:03:01.5610,6746fc65b26bfb00070bdd3e,6746fc6533b8f300079179d6
347,0.79986,5739934586648577,buy,43.9,WOD-USDT,11:03:02.230000,5739934586648577,match,11:03:02.2803,6746fc65812d4000071a6954,6746fc66754b1e0007e78ec3
348,0.79987,5739934586648580,buy,18.6,WOD-USDT,11:03:02.230000,5739934586648580,match,11:03:02.2805,6746fc65a69a4c000786b506,6746fc66754b1e0007e78ec3
349,0.61992,5739934625708033,sell,104.8,WOD-USDT,11:03:02.345000,5739934625708033,match,11:03:02.3933,6746fc66ba86a000073f36e2,6746fc662033a50007a8a76a
350,0.60003,5739934625708036,sell,51.4,WOD-USDT,11:03:02.345000,5739934625708036,match,11:03:02.3934,6746fc659e4e400007f4e489,6746fc662033a50007a8a76a
351,0.6,5739934625708039,sell,1351.1,WOD-USDT,11:03:02.345000,5739934625708039,match,11:03:02.3936,6746fc64dcdd7b000747073c,6746fc662033a50007a8a76a
352,0.6,5739934628722689,sell,429.5,WOD-USDT,11:03:02.354000,5739934628722689,match,11:03:02.3994,6746fc64dcdd7b000747073c,6746fc668b053b000719e238
353,0.57616,5739934628722692,sell,10.3,WOD-USDT,11:03:02.354000,5739934628722692,match,11:03:02.4056,6746fc66754b1e0007e78e1a,6746fc668b053b000719e238
354,0.5,5739934730958849,sell,352.6,WOD-USDT,11:03:02.597000,5739934730958849,match,11:03:02.6430,6746fc645a555000073e290b,6746fc661adbea0007e00fcf
355,0.7749,5739935032424449,buy,6.4,WOD-USDT,11:03:03.312000,5739935032424449,match,11:03:03.3631,6746fc67ba86a000073f37c8,6746fc672033a50007a8aef9
356,0.511,5739936326760449,sell,195.6,WOD-USDT,11:03:06.748000,5739936326760449,match,11:03:06.7986,6746fc6a725fc60007374e51,6746fc6aa69a4c000786db08
357,0.49368,5739936326760452,sell,202.5,WOD-USDT,11:03:06.748000,5739936326760452,match,11:03:06.7988,6746fc6a439c1000070dc2e5,6746fc6aa69a4c000786db08
358,0.49,5739936326760455,sell,204,WOD-USDT,11:03:06.748000,5739936326760455,match,11:03:06.7988,6746fc688b053b000719ed87,6746fc6aa69a4c000786db08
359,0.47,5739936326760458,sell,212.7,WOD-USDT,11:03:06.748000,5739936326760458,match,11:03:06.7989,6746fc68812d4000071a7f87,6746fc6aa69a4c000786db08
360,0.4678,5739936326760461,sell,44.2,WOD-USDT,11:03:06.748000,5739936326760461,match,11:03:06.7989,6746fc68eaedf50007cbbe14,6746fc6aa69a4c000786db08
361,0.4678,5739936512882689,sell,62.6,WOD-USDT,11:03:07.244000,5739936512882689,match,11:03:07.2935,6746fc68eaedf50007cbbe14,6746fc6beaedf50007cbccd7
362,0.46,5739936512882692,sell,27.3,WOD-USDT,11:03:07.244000,5739936512882692,match,11:03:07.2936,6746fc67b26bfb00070bee24,6746fc6beaedf50007cbccd7
363,0.75273,5739936562821121,buy,51.3,WOD-USDT,11:03:07.388000,5739936562821121,match,11:03:07.4392,6746fc6aef434f0007c4a463,6746fc6bef434f0007c4a720
364,0.75276,5739936562821124,buy,21.7,WOD-USDT,11:03:07.388000,5739936562821124,match,11:03:07.4393,6746fc6aba86a000073f39de,6746fc6bef434f0007c4a720
365,0.46,5739936725219329,sell,16.1,WOD-USDT,11:03:07.845000,5739936725219329,match,11:03:07.8958,6746fc67b26bfb00070bee24,6746fc6b439c1000070dcbd3
366,0.45,5739936725219332,sell,499.2,WOD-USDT,11:03:07.845000,5739936725219332,match,11:03:07.8958,6746fc6a439c1000070dc073,6746fc6b439c1000070dcbd3
367,0.66792,5739936966785025,buy,150,WOD-USDT,11:03:08.429000,5739936966785025,match,11:03:08.4742,6746fc6b725fc600073755a4,6746fc6c9e4e400007f512bb
368,0.60258,5739937989146625,buy,29.7,WOD-USDT,11:03:11.372000,5739937989146625,match,11:03:11.4194,6746fc6f1adbea0007e04607,6746fc6feaedf50007cbe5f7
369,0.60258,5739938404513793,buy,22.8,WOD-USDT,11:03:12.385000,5739938404513793,match,11:03:12.4373,6746fc6f1adbea0007e04607,6746fc702033a50007a8e9e5
370,0.60259,5739938404513796,buy,18.9,WOD-USDT,11:03:12.385000,5739938404513796,match,11:03:12.4374,6746fc6fef434f0007c4bee5,6746fc702033a50007a8e9e5
371,0.61,5739938404513799,buy,32.7,WOD-USDT,11:03:12.385000,5739938404513799,match,11:03:12.4375,6746fc6e8b053b00071a14dc,6746fc702033a50007a8e9e5
372,0.61992,5739938404513802,buy,16,WOD-USDT,11:03:12.385000,5739938404513802,match,11:03:12.4375,6746fc6e633e91000751e7fd,6746fc702033a50007a8e9e5
373,0.50004,5739938493249537,sell,25,WOD-USDT,11:03:12.634000,5739938493249537,match,11:03:12.6840,6746fc70f61fa0000799e1d6,6746fc70a69a4c000787011e
374,0.50003,5739938493249540,sell,76.6,WOD-USDT,11:03:12.634000,5739938493249540,match,11:03:12.6842,6746fc6deaedf50007cbda8d,6746fc70a69a4c000787011e
375,0.5,5739938493249543,sell,355.4,WOD-USDT,11:03:12.634000,5739938493249543,match,11:03:12.6843,6746fc6cf61fa0000799c7c0,6746fc70a69a4c000787011e
376,0.61991,5739938563373057,buy,10.3,WOD-USDT,11:03:12.823000,5739938563373057,match,11:03:12.8720,6746fc70b26bfb00070c2768,6746fc70b6d5080007e10d9e
377,0.61992,5739938563373060,buy,53.7,WOD-USDT,11:03:12.823000,5739938563373060,match,11:03:12.8720,6746fc6e633e91000751e7fd,6746fc70b6d5080007e10d9e
378,0.59997,5739939895326721,buy,3.8,WOD-USDT,11:03:15.718000,5739939895326721,match,11:03:15.7635,6746fc729e4e400007f53f19,6746fc731adbea0007e06e5b
379,0.59997,5739940112775169,buy,10,WOD-USDT,11:03:16.045000,5739940112775169,match,11:03:16.0950,6746fc729e4e400007f53f19,6746fc7414a8920007b81caa
380,0.59997,5739940193908737,buy,62.9,WOD-USDT,11:03:16.236000,5739940193908737,match,11:03:16.2828,6746fc729e4e400007f53f19,6746fc74b26bfb00070c4b44
381,0.6,5739940193908740,buy,10.7,WOD-USDT,11:03:16.236000,5739940193908740,match,11:03:16.2829,6746fc71f61fa0000799e72a,6746fc74b26bfb00070c4b44
382,0.60001,5739940193908743,buy,25,WOD-USDT,11:03:16.236000,5739940193908743,match,11:03:16.2830,6746fc71ef434f0007c4d02c,6746fc74b26bfb00070c4b44
383,0.60814,5739940193908746,buy,106.8,WOD-USDT,11:03:16.236000,5739940193908746,match,11:03:16.2830,6746fc71a69a4c00078708f0,6746fc74b26bfb00070c4b44
384,0.61992,5739940193908749,buy,7,WOD-USDT,11:03:16.236000,5739940193908749,match,11:03:16.2831,6746fc6e633e91000751e7fd,6746fc74b26bfb00070c4b44
385,0.63151,5739940193908752,buy,160.5,WOD-USDT,11:03:16.236000,5739940193908752,match,11:03:16.2831,6746fc70ef434f0007c4c9f2,6746fc74b26bfb00070c4b44
386,0.585,5739940337563649,buy,51.2,WOD-USDT,11:03:16.615000,5739940337563649,match,11:03:16.6628,6746fc74633e91000751ece3,6746fc745e5d4c000753b8d0
387,0.63151,5739940337563652,buy,450.9,WOD-USDT,11:03:16.615000,5739940337563652,match,11:03:16.6629,6746fc70ef434f0007c4c9f2,6746fc745e5d4c000753b8d0
388,0.64,5739940337563655,buy,156.2,WOD-USDT,11:03:16.615000,5739940337563655,match,11:03:16.6630,6746fc6c1adbea0007e03791,6746fc745e5d4c000753b8d0
389,0.65,5739940654102529,buy,4.1,WOD-USDT,11:03:17.665000,5739940654102529,match,11:03:17.7117,6746fc6e439c1000070dda5a,6746fc75ef434f0007c4f6a3
390,0.65,5739940833015809,buy,16.9,WOD-USDT,11:03:18.019000,5739940833015809,match,11:03:18.0681,6746fc6e439c1000070dda5a,6746fc755e5d4c000753c26b
391,0.54286,5739941901121537,sell,26.6,WOD-USDT,11:03:21.052000,5739941901121537,match,11:03:21.0997,6746fc7633b8f3000791f5b6,6746fc79725fc6000737b97f
392,0.54285,5739941901121540,sell,27.1,WOD-USDT,11:03:21.052000,5739941901121540,match,11:03:21.0998,6746fc76eaedf50007cc2185,6746fc79725fc6000737b97f
393,0.53654,5739941901121543,sell,10,WOD-USDT,11:03:21.052000,5739941901121543,match,11:03:21.0999,6746fc78dcdd7b0007479c2d,6746fc79725fc6000737b97f
394,0.53139,5739941901121546,sell,86,WOD-USDT,11:03:21.052000,5739941901121546,match,11:03:21.1001,6746fc778b053b00071a5e15,6746fc79725fc6000737b97f
395,0.53136,5739941901121549,sell,122.3,WOD-USDT,11:03:21.052000,5739941901121549,match,11:03:21.1002,6746fc76ba86a000073f43a1,6746fc79725fc6000737b97f
396,0.51622,5739941901121552,sell,39.9,WOD-USDT,11:03:21.052000,5739941901121552,match,11:03:21.1002,6746fc7633b8f3000791f49a,6746fc79725fc6000737b97f
397,0.51458,5739941901121555,sell,97.1,WOD-USDT,11:03:21.052000,5739941901121555,match,11:03:21.1003,6746fc75812d4000071adf9c,6746fc79725fc6000737b97f
398,0.51458,5739941901121558,sell,90.8,WOD-USDT,11:03:21.052000,5739941901121558,match,11:03:21.1003,6746fc769e4e400007f55fd1,6746fc79725fc6000737b97f
399,0.53749,5739942017644545,buy,0.9,WOD-USDT,11:03:21.419000,5739942017644545,match,11:03:21.4631,6746fc79439c1000070e2fac,6746fc79ef434f0007c5109b
400,0.51458,5739942337591297,sell,6.3,WOD-USDT,11:03:22.130000,5739942337591297,match,11:03:22.1800,6746fc769e4e400007f55fd1,6746fc7aef434f0007c51775
401,0.5117,5739942337591300,sell,97.7,WOD-USDT,11:03:22.130000,5739942337591300,match,11:03:22.1801,6746fc752033a50007a91b46,6746fc7aef434f0007c51775
402,0.51007,5739942337591303,sell,60.6,WOD-USDT,11:03:22.130000,5739942337591303,match,11:03:22.1801,6746fc77dcdd7b0007479134,6746fc7aef434f0007c51775
403,0.51,5739942337591306,sell,123.5,WOD-USDT,11:03:22.130000,5739942337591306,match,11:03:22.1802,6746fc718b053b00071a2d49,6746fc7aef434f0007c51775
404,0.51,5739942337591309,sell,314.6,WOD-USDT,11:03:22.130000,5739942337591309,match,11:03:22.1803,6746fc768b053b00071a578f,6746fc7aef434f0007c51775
405,0.52,5739942940522497,sell,25.9,WOD-USDT,11:03:23.870000,5739942940522497,match,11:03:23.9181,6746fc7ab6d5080007e15cf8,6746fc7b754b1e0007e82ab8
406,0.52,5739943025588225,sell,12.5,WOD-USDT,11:03:24.076000,5739943025588225,match,11:03:24.1266,6746fc7ab6d5080007e15cf8,6746fc7cb6d5080007e1669d
407,0.51,5739943025588228,sell,13.4,WOD-USDT,11:03:24.076000,5739943025588228,match,11:03:24.1267,6746fc768b053b00071a578f,6746fc7cb6d5080007e1669d
408,0.51,5739943118911489,sell,25.9,WOD-USDT,11:03:24.305000,5739943118911489,match,11:03:24.3544,6746fc768b053b00071a578f,6746fc7c1adbea0007e0acbb
409,0.51,5739943207647233,sell,25.9,WOD-USDT,11:03:24.470000,5739943207647233,match,11:03:24.5197,6746fc768b053b00071a578f,6746fc7ca69a4c0007875f81
410,0.51,5739943281440769,sell,25.9,WOD-USDT,11:03:24.649000,5739943281440769,match,11:03:24.6999,6746fc768b053b00071a578f,6746fc7c812d4000071b105a
411,0.51,5739943548303361,sell,25.9,WOD-USDT,11:03:25.170000,5739943548303361,match,11:03:25.2210,6746fc768b053b00071a578f,6746fc7d754b1e0007e8381a
412,0.53749,5739943616722945,buy,19.1,WOD-USDT,11:03:25.382000,5739943616722945,match,11:03:25.4336,6746fc79439c1000070e2fac,6746fc7d14a8920007b8618c
413,0.53749,5739943616722948,buy,19.9,WOD-USDT,11:03:25.382000,5739943616722948,match,11:03:25.4338,6746fc798b053b00071a6b63,6746fc7d14a8920007b8618c
414,0.57564,5739943616722951,buy,10.3,WOD-USDT,11:03:25.382000,5739943616722951,match,11:03:25.4339,6746fc7cba86a000073f4765,6746fc7d14a8920007b8618c
415,0.51,5739943618033665,sell,25.9,WOD-USDT,11:03:25.386000,5739943618033665,match,11:03:25.4339,6746fc768b053b00071a578f,6746fc7deaedf50007cc5667
416,0.51,5739943691958273,sell,25.9,WOD-USDT,11:03:25.587000,5739943691958273,match,11:03:25.6368,6746fc768b053b00071a578f,6746fc7d8b053b00071a8db3
417,0.51,5739943739930625,sell,26.7,WOD-USDT,11:03:25.751000,5739943739930625,match,11:03:25.8001,6746fc768b053b00071a578f,6746fc7deaedf50007cc5899
418,0.51867,5739943808874497,sell,26.7,WOD-USDT,11:03:25.927000,5739943808874497,match,11:03:25.9779,6746fc7d5e5d4c000753fb4a,6746fc7db6d5080007e17651
419,0.51867,5739943909275649,sell,27.5,WOD-USDT,11:03:26.242000,5739943909275649,match,11:03:26.2877,6746fc7d5e5d4c000753fb4a,6746fc7e33b8f30007922dce
420,0.51867,5739943926577153,sell,42.2,WOD-USDT,11:03:26.304000,5739943926577153,match,11:03:26.3544,6746fc7d5e5d4c000753fb4a,6746fc7e14a8920007b86720
421,0.518,5739943926577156,sell,19.3,WOD-USDT,11:03:26.304000,5739943926577156,match,11:03:26.3545,6746fc7ea69a4c0007876d37,6746fc7e14a8920007b86720
422,0.51,5739943926577159,sell,25.5,WOD-USDT,11:03:26.304000,5739943926577159,match,11:03:26.3546,6746fc768b053b00071a578f,6746fc7e14a8920007b86720
423,0.57561,5739943976515585,buy,86,WOD-USDT,11:03:26.467000,5739943976515585,match,11:03:26.5144,6746fc7d2033a50007a9539f,6746fc7eb6d5080007e17986
424,0.57564,5739943976515588,buy,14,WOD-USDT,11:03:26.467000,5739943976515588,match,11:03:26.5145,6746fc7cba86a000073f4765,6746fc7eb6d5080007e17986
425,0.52,5739944180725761,sell,28.4,WOD-USDT,11:03:26.990000,5739944180725761,match,11:03:27.0393,6746fc7eb38d120007ab9009,6746fc7e5e5d4c0007540266
426,0.52,5739944251504641,sell,28.4,WOD-USDT,11:03:27.200000,5739944251504641,match,11:03:27.2487,6746fc7eb38d120007ab9009,6746fc7f5a555000073eebbe
427,0.52,5739944297904129,sell,29.3,WOD-USDT,11:03:27.346000,5739944297904129,match,11:03:27.3969,6746fc7eb38d120007ab9009,6746fc7f812d4000071b2395
428,0.52,5739944394110977,sell,25.8,WOD-USDT,11:03:27.566000,5739944394110977,match,11:03:27.6133,6746fc7eb38d120007ab9009,6746fc7f812d4000071b25dc
429,0.518,5739944394110980,sell,4.5,WOD-USDT,11:03:27.566000,5739944394110980,match,11:03:27.6134,6746fc7e5a555000073ee755,6746fc7f812d4000071b25dc
430,0.55,5739944459909121,buy,123.5,WOD-USDT,11:03:27.682000,5739944459909121,match,11:03:27.7285,6746fc7f9e4e400007f5a089,6746fc7f812d4000071b270d
431,0.5535,5739944459909124,buy,94,WOD-USDT,11:03:27.682000,5739944459909124,match,11:03:27.7287,6746fc7fba86a000073f4974,6746fc7f812d4000071b270d
432,0.518,5739944492677121,sell,14.8,WOD-USDT,11:03:27.749000,5739944492677121,match,11:03:27.7992,6746fc7e5a555000073ee755,6746fc7f5e5d4c00075408a2
433,0.51001,5739944492677124,sell,15.5,WOD-USDT,11:03:27.749000,5739944492677124,match,11:03:27.7993,6746fc7eb26bfb00070c9546,6746fc7f5e5d4c00075408a2
434,0.51001,5739944581150721,sell,30.3,WOD-USDT,11:03:27.936000,5739944581150721,match,11:03:27.9869,6746fc7eb26bfb00070c9546,6746fc7f2033a50007a96252
435,0.51001,5739944654419969,sell,9.1,WOD-USDT,11:03:28.087000,5739944654419969,match,11:03:28.1351,6746fc7eb26bfb00070c9546,6746fc8014a8920007b874ff
436,0.51001,5739944654419972,sell,21.2,WOD-USDT,11:03:28.087000,5739944654419972,match,11:03:28.1352,6746fc7e439c1000070e59ae,6746fc8014a8920007b874ff
437,0.51001,5739944764651521,sell,29.3,WOD-USDT,11:03:28.273000,5739944764651521,match,11:03:28.3226,6746fc7e439c1000070e59ae,6746fc80dcdd7b000747d658
438,0.51001,5739944849061889,sell,29.3,WOD-USDT,11:03:28.454000,5739944849061889,match,11:03:28.5046,6746fc7e439c1000070e59ae,6746fc80eaedf50007cc6e6d
439,0.51001,5739944908699649,sell,29.3,WOD-USDT,11:03:28.640000,5739944908699649,match,11:03:28.6886,6746fc7e439c1000070e59ae,6746fc80e21c740007c2a52d
440,0.522,5739945039509505,sell,29.3,WOD-USDT,11:03:28.974000,5739945039509505,match,11:03:29.0241,6746fc80f61fa000079a6304,6746fc801adbea0007e0d299
441,0.5434,5739945105569793,sell,27.6,WOD-USDT,11:03:29.145000,5739945105569793,match,11:03:29.1947,6746fc819e4e400007f5b040,6746fc8133b8f30007924592
442,0.522,5739945105569796,sell,1.7,WOD-USDT,11:03:29.145000,5739945105569796,match,11:03:29.1948,6746fc80f61fa000079a6304,6746fc8133b8f30007924592
443,0.53295,5739945584244737,sell,18.7,WOD-USDT,11:03:30.370000,5739945584244737,match,11:03:30.4193,6746fc82a69a4c0007878c07,6746fc82e21c740007c2b15b
444,0.53295,5739945584244740,sell,18.7,WOD-USDT,11:03:30.370000,5739945584244740,match,11:03:30.4195,6746fc82b26bfb00070cb388,6746fc82e21c740007c2b15b
445,0.52324,5739945584244743,sell,39.4,WOD-USDT,11:03:30.370000,5739945584244743,match,11:03:30.4195,6746fc8133b8f30007924594,6746fc82e21c740007c2b15b
446,0.522,5739945584244746,sell,336.8,WOD-USDT,11:03:30.370000,5739945584244746,match,11:03:30.4196,6746fc80f61fa000079a6304,6746fc82e21c740007c2b15b
447,0.51,5739945584244749,sell,79.1,WOD-USDT,11:03:30.370000,5739945584244749,match,11:03:30.4196,6746fc768b053b00071a578f,6746fc82e21c740007c2b15b
448,0.51,5739945584244752,sell,21.2,WOD-USDT,11:03:30.370000,5739945584244752,match,11:03:30.4196,6746fc7bb6d5080007e161d7,6746fc82e21c740007c2b15b
449,0.5001,5739945584244755,sell,299.9,WOD-USDT,11:03:30.370000,5739945584244755,match,11:03:30.4197,6746fc7a2033a50007a93e43,6746fc82e21c740007c2b15b
450,0.5,5739945584244758,sell,466.6,WOD-USDT,11:03:30.370000,5739945584244758,match,11:03:30.4197,6746fc6cf61fa0000799c7c0,6746fc82e21c740007c2b15b
451,0.5,5739945608886273,sell,435.8,WOD-USDT,11:03:30.439000,5739945608886273,match,11:03:30.4894,6746fc6cf61fa0000799c7c0,6746fc82b26bfb00070cb4aa
452,0.45816,5739945608886276,sell,349.2,WOD-USDT,11:03:30.439000,5739945608886276,match,11:03:30.4896,6746fc731adbea0007e0690f,6746fc82b26bfb00070cb4aa
453,0.45,5739945608886279,sell,241.4,WOD-USDT,11:03:30.439000,5739945608886279,match,11:03:30.4898,6746fc74b6d5080007e1312a,6746fc82b26bfb00070cb4aa
454,0.53295,5739945675601921,sell,18.7,WOD-USDT,11:03:30.545000,5739945675601921,match,11:03:30.5956,6746fc8233b8f30007924fb7,6746fc8214a8920007b88967
455,0.5065,5739945769973761,buy,19.3,WOD-USDT,11:03:30.707000,5739945769973761,match,11:03:30.7567,6746fc8214a8920007b88967,6746fc8233b8f30007925294
456,0.5065,5739945874044929,buy,1.4,WOD-USDT,11:03:30.964000,5739945874044929,match,11:03:31.0140,6746fc8214a8920007b88967,6746fc82e21c740007c2b771
457,0.52,5739946330961921,sell,42.4,WOD-USDT,11:03:32.054000,5739946330961921,match,11:03:32.1014,6746fc82e21c740007c2b771,6746fc845a555000073f17ad
458,0.50116,5739946330961924,sell,41.1,WOD-USDT,11:03:32.054000,5739946330961924,match,11:03:32.1015,6746fc83754b1e0007e86503,6746fc845a555000073f17ad
459,0.5,5739946330961927,sell,14.2,WOD-USDT,11:03:32.054000,5739946330961927,match,11:03:32.1015,6746fc8214a8920007b88caa,6746fc845a555000073f17ad
460,0.5,5739946561255425,sell,147.1,WOD-USDT,11:03:32.479000,5739946561255425,match,11:03:32.5230,6746fc8214a8920007b88caa,6746fc84ef434f0007c56a01
461,0.5,5739946618271745,sell,16.2,WOD-USDT,11:03:32.591000,5739946618271745,match,11:03:32.6360,6746fc8214a8920007b88caa,6746fc84ef434f0007c56b17
462,0.5,5739946985011201,sell,38.6,WOD-USDT,11:03:33.640000,5739946985011201,match,11:03:33.6853,6746fc8214a8920007b88caa,6746fc85754b1e0007e87c2b
463,0.5,5739947026561025,buy,48.3,WOD-USDT,11:03:33.766000,5739947026561025,match,11:03:33.8148,6746fc85754b1e0007e87c2b,6746fc8533b8f30007926d45
464,0.51619,5739947026561028,buy,20.5,WOD-USDT,11:03:33.766000,5739947026561028,match,11:03:33.8150,6746fc841adbea0007e0eef2,6746fc8533b8f30007926d45
465,0.51619,5739947026561031,buy,20.6,WOD-USDT,11:03:33.766000,5739947026561031,match,11:03:33.8150,6746fc849e4e400007f5cbb6,6746fc8533b8f30007926d45
466,0.52,5739947026561034,buy,38.4,WOD-USDT,11:03:33.766000,5739947026561034,match,11:03:33.8151,6746fc84dcdd7b000747fae4,6746fc8533b8f30007926d45
467,0.52001,5739947026561037,buy,26.6,WOD-USDT,11:03:33.766000,5739947026561037,match,11:03:33.8151,6746fc84725fc600073818b6,6746fc8533b8f30007926d45
468,0.52716,5739947026561040,buy,8.8,WOD-USDT,11:03:33.766000,5739947026561040,match,11:03:33.8153,6746fc8333b8f30007925aa1,6746fc8533b8f30007926d45
469,0.52,5739947267340289,buy,140,WOD-USDT,11:03:34.527000,5739947267340289,match,11:03:34.5776,6746fc85ba86a000073f4e35,6746fc86b38d120007abcf1e
470,0.52,5739947513886721,buy,8.6,WOD-USDT,11:03:35.274000,5739947513886721,match,11:03:35.3196,6746fc85ba86a000073f4e35,6746fc87812d4000071b645c
471,0.51999,5739948109215745,buy,10,WOD-USDT,11:03:36.986000,5739948109215745,match,11:03:37.0359,6746fc885e5d4c0007544ad2,6746fc88a69a4c000787bce7
472,0.52,5739948109215748,buy,13,WOD-USDT,11:03:36.986000,5739948109215748,match,11:03:37.0360,6746fc85ba86a000073f4e35,6746fc88a69a4c000787bce7
473,0.52,5739948330596353,buy,72.6,WOD-USDT,11:03:37.662000,5739948330596353,match,11:03:37.7121,6746fc85ba86a000073f4e35,6746fc8914a8920007b8ba0c
474,0.52,5739948369131521,buy,11,WOD-USDT,11:03:37.781000,5739948369131521,match,11:03:37.8309,6746fc85ba86a000073f4e35,6746fc895a555000073f39f7
475,0.52716,5739948369131524,buy,27,WOD-USDT,11:03:37.781000,5739948369131524,match,11:03:37.8310,6746fc8333b8f30007925aa1,6746fc895a555000073f39f7
476,0.55,5739948710049793,buy,31.2,WOD-USDT,11:03:38.681000,5739948710049793,match,11:03:38.7286,6746fc851adbea0007e0f990,6746fc8a725fc6000738398d
477,0.51998,5739949040875521,buy,88.7,WOD-USDT,11:03:39.477000,5739949040875521,match,11:03:39.5270,6746fc8bb6d5080007e1d7c1,6746fc8b8b053b00071af1b9
478,0.53544,5739949040875524,buy,313.4,WOD-USDT,11:03:39.477000,5739949040875524,match,11:03:39.5271,6746fc8a9e4e400007f5f332,6746fc8b8b053b00071af1b9
479,0.55,5739949040875527,buy,20.2,WOD-USDT,11:03:39.477000,5739949040875527,match,11:03:39.5271,6746fc851adbea0007e0f990,6746fc8b8b053b00071af1b9
480,0.54993,5739949630044161,buy,60.6,WOD-USDT,11:03:41.221000,5739949630044161,match,11:03:41.2679,6746fc8d5a555000073f521d,6746fc8def434f0007c5a076
481,0.55,5739949630044164,buy,30,WOD-USDT,11:03:41.221000,5739949630044164,match,11:03:41.2679,6746fc851adbea0007e0f990,6746fc8def434f0007c5a076
482,0.55,5739949766359041,buy,179.3,WOD-USDT,11:03:41.670000,5739949766359041,match,11:03:41.7159,6746fc851adbea0007e0f990,6746fc8d633e91000751fdbc
483,0.52,5739950227208193,sell,21.7,WOD-USDT,11:03:43.022000,5739950227208193,match,11:03:43.0685,6746fc8c812d4000071b8816,6746fc8feaedf50007ccd3c8
484,0.5061,5739950227208196,sell,10,WOD-USDT,11:03:43.022000,5739950227208196,match,11:03:43.0687,6746fc8e5a555000073f5def,6746fc8feaedf50007ccd3c8
485,0.50118,5739950227208199,sell,41.1,WOD-USDT,11:03:43.022000,5739950227208199,match,11:03:43.0688,6746fc8d754b1e0007e8a9ed,6746fc8feaedf50007ccd3c8
486,0.50002,5739950227208202,sell,27.8,WOD-USDT,11:03:43.022000,5739950227208202,match,11:03:43.0688,6746fc8b9e4e400007f5f9d8,6746fc8feaedf50007ccd3c8
487,0.50002,5739950227208205,sell,142.8,WOD-USDT,11:03:43.022000,5739950227208205,match,11:03:43.0689,6746fc8d5a555000073f532b,6746fc8feaedf50007ccd3c8
488,0.50001,5739950227208208,sell,42.9,WOD-USDT,11:03:43.022000,5739950227208208,match,11:03:43.0689,6746fc8c439c1000070ebefd,6746fc8feaedf50007ccd3c8
489,0.5,5739950227208211,sell,211.8,WOD-USDT,11:03:43.022000,5739950227208211,match,11:03:43.0690,6746fc88eaedf50007cca722,6746fc8feaedf50007ccd3c8
490,0.5162,5739951000532993,buy,20.6,WOD-USDT,11:03:45.246000,5739951000532993,match,11:03:45.2959,6746fc8f5e5d4c00075475be,6746fc91a69a4c000787f0e3
491,0.5162,5739951000532996,buy,20.5,WOD-USDT,11:03:45.246000,5739951000532996,match,11:03:45.2960,6746fc8f5a555000073f5e76,6746fc91a69a4c000787f0e3
492,0.539,5739951000532999,buy,17.8,WOD-USDT,11:03:45.246000,5739951000532999,match,11:03:45.2960,6746fc911adbea0007e13f4c,6746fc91a69a4c000787f0e3
493,0.539,5739951922493441,buy,6.2,WOD-USDT,11:03:47.805000,5739951922493441,match,11:03:47.8551,6746fc911adbea0007e13f4c,6746fc93725fc6000738779c
494,0.50001,5739952005199873,sell,142.8,WOD-USDT,11:03:48.032000,5739952005199873,match,11:03:48.0823,6746fc8fe21c740007c30ad5,6746fc94439c1000070eed61
495,0.5,5739952005199876,sell,221.4,WOD-USDT,11:03:48.032000,5739952005199876,match,11:03:48.0824,6746fc88eaedf50007cca722,6746fc94439c1000070eed61
496,0.5,5739952005199879,sell,15,WOD-USDT,11:03:48.032000,5739952005199879,match,11:03:48.0825,6746fc88f61fa000079a9af4,6746fc94439c1000070eed61
497,0.5,5739952005199882,sell,34,WOD-USDT,11:03:48.032000,5739952005199882,match,11:03:48.0825,6746fc9114a8920007b8f05e,6746fc94439c1000070eed61
498,0.49,5739952005199885,sell,81.8,WOD-USDT,11:03:48.032000,5739952005199885,match,11:03:48.0826,6746fc87754b1e0007e8887f,6746fc94439c1000070eed61
499,0.49,5739952005462017,sell,8.3,WOD-USDT,11:03:48.033000,5739952005462017,match,11:03:48.0828,6746fc87754b1e0007e8887f,6746fc941adbea0007e1548d
500,0.47124,5739952005462020,sell,137.9,WOD-USDT,11:03:48.033000,5739952005462020,match,11:03:48.0829,6746fc93633e910007520163,6746fc941adbea0007e1548d
501,0.47,5739952005462023,sell,404.6,WOD-USDT,11:03:48.033000,5739952005462023,match,11:03:48.0830,6746fc8bb38d120007abeecf,6746fc941adbea0007e1548d
502,0.46,5739952005462026,sell,48.5,WOD-USDT,11:03:48.033000,5739952005462026,match,11:03:48.0830,6746fc86812d4000071b6089,6746fc941adbea0007e1548d
503,0.53899,5739952097998849,buy,10,WOD-USDT,11:03:48.373000,5739952097998849,match,11:03:48.4241,6746fc932033a50007a9ed09,6746fc945a555000073f7fbc
504,0.539,5739952347822081,sell,139.3,WOD-USDT,11:03:49.028000,5739952347822081,match,11:03:49.0760,6746fc945a555000073f7fbc,6746fc95ba86a000073f56ce
505,0.52836,5739952385832961,buy,2.6,WOD-USDT,11:03:49.155000,5739952385832961,match,11:03:49.2065,6746fc95ba86a000073f56ce,6746fc95439c1000070ef491
506,0.539,5739952385832964,buy,2.2,WOD-USDT,11:03:49.155000,5739952385832964,match,11:03:49.2066,6746fc95b38d120007ac2aa9,6746fc95439c1000070ef491
507,0.539,5739952409425921,buy,71.8,WOD-USDT,11:03:49.222000,5739952409425921,match,11:03:49.2656,6746fc95b38d120007ac2aa9,6746fc951adbea0007e15cc8
508,0.539,5739952804739073,buy,22.2,WOD-USDT,11:03:50.354000,5739952804739073,match,11:03:50.4004,6746fc9533b8f3000792cee8,6746fc96b6d5080007e21e82
509,0.51679,5739953063344129,buy,38.7,WOD-USDT,11:03:51.139000,5739953063344129,match,11:03:51.1888,6746fc962033a50007a9ffa8,6746fc979e4e400007f64421
510,0.5168,5739953361401857,buy,75.4,WOD-USDT,11:03:52.199000,5739953361401857,match,11:03:52.2528,6746fc96f61fa000079af80f,6746fc981adbea0007e16d7b
511,0.51681,5739953361401860,buy,27.8,WOD-USDT,11:03:52.199000,5739953361401860,match,11:03:52.2529,6746fc96754b1e0007e8e8bb,6746fc981adbea0007e16d7b
512,0.53899,5739953361401863,buy,126.6,WOD-USDT,11:03:52.199000,5739953361401863,match,11:03:52.2529,6746fc97b26bfb00070d4285,6746fc981adbea0007e16d7b
513,0.539,5739953361401866,buy,220.7,WOD-USDT,11:03:52.199000,5739953361401866,match,11:03:52.2529,6746fc97e21c740007c33e8d,6746fc981adbea0007e16d7b
514,0.53901,5739953361401869,buy,96.4,WOD-USDT,11:03:52.199000,5739953361401869,match,11:03:52.2530,6746fc905a555000073f676d,6746fc981adbea0007e16d7b
515,0.54999,5739953361401872,buy,308.5,WOD-USDT,11:03:52.199000,5739953361401872,match,11:03:52.2530,6746fc8f33b8f3000792ab54,6746fc981adbea0007e16d7b
516,0.52,5739954714458113,buy,9.9,WOD-USDT,11:03:55.906000,5739954714458113,match,11:03:55.9568,6746fc981adbea0007e173a7,6746fc9bb6d5080007e2412c
517,0.5141,5739955554629633,sell,142.8,WOD-USDT,11:03:58.217000,5739955554629633,match,11:03:58.2669,6746fc9d2033a50007aa2949,6746fc9ee21c740007c36944
518,0.51409,5739955554629636,sell,705.5,WOD-USDT,11:03:58.217000,5739955554629636,match,11:03:58.2670,6746fc9deaedf50007cd2ea2,6746fc9ee21c740007c36944
519,0.51409,5739955556464641,sell,1058.3,WOD-USDT,11:03:58.222000,5739955556464641,match,11:03:58.2670,6746fc9deaedf50007cd2ea2,6746fc9ea69a4c000788450d
520,0.54998,5739957024602113,buy,38.7,WOD-USDT,11:04:01.514000,5739957024602113,match,11:04:01.5614,6746fc9e8b053b00071b698a,6746fca1e21c740007c38176
521,0.54998,5739957082011649,buy,63.5,WOD-USDT,11:04:01.718000,5739957082011649,match,11:04:01.7662,6746fc9e8b053b00071b698a,6746fca1eaedf50007cd4d30
522,0.54999,5739957376661505,buy,307.8,WOD-USDT,11:04:02.502000,5739957376661505,match,11:04:02.5511,6746fc8f33b8f3000792ab54,6746fca2725fc6000738d690
523,0.55,5739957376661508,buy,279.9,WOD-USDT,11:04:02.502000,5739957376661508,match,11:04:02.5512,6746fc8f8b053b00071b0b07,6746fca2725fc6000738d690
524,0.55,5739957531588609,buy,20,WOD-USDT,11:04:02.874000,5739957531588609,match,11:04:02.9239,6746fc8f8b053b00071b0b07,6746fca2ba86a000073f5e60
525,0.58999,5739957931096065,buy,58.5,WOD-USDT,11:04:03.871000,5739957931096065,match,11:04:03.9208,6746fca0754b1e0007e92bb3,6746fca31adbea0007e1bc15
526,0.58999,5739958205954051,buy,16.9,WOD-USDT,11:04:04.561000,5739958205954051,match,11:04:04.6104,6746fca0754b1e0007e92bb3,6746fca4633e910007520a94
527,0.58999,5739958418946049,buy,20.3,WOD-USDT,11:04:05.056000,5739958418946049,match,11:04:05.1053,6746fca18b053b00071b809b,6746fca514a8920007b96cf4
528,0.58999,5739958716086273,buy,33.8,WOD-USDT,11:04:05.834000,5739958716086273,match,11:04:05.8847,6746fca18b053b00071b809b,6746fca55a555000073ff284
529,0.55,5739959072733185,buy,62.2,WOD-USDT,11:04:06.708000,5739959072733185,match,11:04:06.7605,6746fca62033a50007aa66c2,6746fca6ba86a000073f605f
530,0.55,5739959420467201,buy,1.8,WOD-USDT,11:04:07.502000,5739959420467201,match,11:04:07.5503,6746fca62033a50007aa66c2,6746fca72033a50007aa6d9f
531,0.55,5739960247138305,buy,11.3,WOD-USDT,11:04:09.833000,5739960247138305,match,11:04:09.8821,6746fca62033a50007aa66c2,6746fca9b26bfb00070dba2b
532,0.57999,5739960548866049,buy,13.9,WOD-USDT,11:04:10.658000,5739960548866049,match,11:04:10.7084,6746fca69e4e400007f6aa94,6746fcaa633e910007520e03
533,0.57999,5739961185351681,buy,19.4,WOD-USDT,11:04:12.125000,5739961185351681,match,11:04:12.1747,6746fca69e4e400007f6aa94,6746fcaca69a4c000788a3af
534,0.57999,5739961191118849,buy,7.3,WOD-USDT,11:04:12.140000,5739961191118849,match,11:04:12.1906,6746fca69e4e400007f6aa94,6746fcac725fc600073917ca
535,0.58,5739961191118852,buy,48.5,WOD-USDT,11:04:12.140000,5739961191118852,match,11:04:12.1907,6746fca6812d4000071c2c2b,6746fcac725fc600073917ca
536,0.59,5739961191118855,buy,21.2,WOD-USDT,11:04:12.140000,5739961191118855,match,11:04:12.1908,6746fc97ef434f0007c5e21b,6746fcac725fc600073917ca
537,0.5915,5739961191118858,buy,11.3,WOD-USDT,11:04:12.140000,5739961191118858,match,11:04:12.1908,6746fcaa14a8920007b99336,6746fcac725fc600073917ca
538,0.6,5739961191118861,buy,17.1,WOD-USDT,11:04:12.140000,5739961191118861,match,11:04:12.1909,6746fc9fa69a4c00078849cc,6746fcac725fc600073917ca
539,0.6,5739961393100801,buy,28,WOD-USDT,11:04:12.751000,5739961393100801,match,11:04:12.8002,6746fc9fa69a4c00078849cc,6746fcacdcdd7b000748ff59
540,0.6,5739961423902721,buy,20,WOD-USDT,11:04:12.860000,5739961423902721,match,11:04:12.9106,6746fc9fa69a4c00078849cc,6746fcac5e5d4c0007553655
541,0.6,5739961646200833,buy,164.2,WOD-USDT,11:04:13.489000,5739961646200833,match,11:04:13.5384,6746fc9fa69a4c00078849cc,6746fcada69a4c000788aaf7
542,0.6,5739961681065985,buy,203.9,WOD-USDT,11:04:13.592000,5739961681065985,match,11:04:13.6405,6746fc9fa69a4c00078849cc,6746fcadeaedf50007cd9bd7
543,0.60814,5739961681065988,buy,22.7,WOD-USDT,11:04:13.592000,5739961681065988,match,11:04:13.6406,6746fca9812d4000071c41da,6746fcadeaedf50007cd9bd7
544,0.60814,5739961702168577,buy,32.8,WOD-USDT,11:04:13.641000,5739961702168577,match,11:04:13.6901,6746fca9812d4000071c41da,6746fcad754b1e0007e97d94
545,0.59999,5739963319334913,buy,14.2,WOD-USDT,11:04:17.991000,5739963319334913,match,11:04:18.0408,6746fcb0754b1e0007e98dd7,6746fcb19e4e400007f6f19c
546,0.59,5739963423143937,sell,10.1,WOD-USDT,11:04:18.252000,5739963423143937,match,11:04:18.3026,6746fcb014a8920007b9b255,6746fcb28b053b00071beb4b
547,0.59,5739963423143940,sell,125.1,WOD-USDT,11:04:18.252000,5739963423143940,match,11:04:18.3027,6746fcb0754b1e0007e98e31,6746fcb28b053b00071beb4b
548,0.58999,5739963423143943,sell,300,WOD-USDT,11:04:18.252000,5739963423143943,match,11:04:18.3027,6746fcaf33b8f300079377d5,6746fcb28b053b00071beb4b
549,0.57991,5739963423143946,sell,10,WOD-USDT,11:04:18.252000,5739963423143946,match,11:04:18.3028,6746fcb2dcdd7b0007491e16,6746fcb28b053b00071beb4b
550,0.54289,5739963423143949,sell,37.9,WOD-USDT,11:04:18.252000,5739963423143949,match,11:04:18.3030,6746fcafe21c740007c3dbb3,6746fcb28b053b00071beb4b
551,0.54009,5739963423143952,sell,23.8,WOD-USDT,11:04:18.252000,5739963423143952,match,11:04:18.3030,6746fcb1eaedf50007cdafd5,6746fcb28b053b00071beb4b
552,0.54009,5739963423275009,sell,215.5,WOD-USDT,11:04:18.252000,5739963423275009,match,11:04:18.3031,6746fcb1eaedf50007cdafd5,6746fcb2e21c740007c3eb33
553,0.54008,5739963423275012,sell,26.3,WOD-USDT,11:04:18.252000,5739963423275012,match,11:04:18.3031,6746fcb0754b1e0007e98efd,6746fcb2e21c740007c3eb33
554,0.54006,5739963423275015,sell,115.2,WOD-USDT,11:04:18.252000,5739963423275015,match,11:04:18.3032,6746fcae1adbea0007e20085,6746fcb2e21c740007c3eb33
555,0.54001,5739963423275018,sell,126.1,WOD-USDT,11:04:18.252000,5739963423275018,match,11:04:18.3033,6746fcb02033a50007aaa5bd,6746fcb2e21c740007c3eb33
556,0.54,5739963423275021,sell,21.3,WOD-USDT,11:04:18.252000,5739963423275021,match,11:04:18.3044,6746fcabf61fa000079b817f,6746fcb2e21c740007c3eb33
557,0.54,5739963424192513,sell,505.9,WOD-USDT,11:04:18.254000,5739963424192513,match,11:04:18.3045,6746fcabf61fa000079b817f,6746fcb25a55500007403ea3
558,0.58052,5739963814131713,buy,19,WOD-USDT,11:04:19.175000,5739963814131713,match,11:04:19.2242,6746fcb2f61fa000079ba72b,6746fcb3dcdd7b0007492562
559,0.58052,5739963814131716,buy,18.9,WOD-USDT,11:04:19.175000,5739963814131716,match,11:04:19.2244,6746fcb29e4e400007f6f3d5,6746fcb3dcdd7b0007492562
560,0.59998,5739963814131719,buy,25.8,WOD-USDT,11:04:19.175000,5739963814131719,match,11:04:19.2244,6746fcb2b26bfb00070deeae,6746fcb3dcdd7b0007492562
561,0.59997,5739963932882945,buy,10,WOD-USDT,11:04:19.559000,5739963932882945,match,11:04:19.6085,6746fcb3b6d5080007e2d884,6746fcb38b053b00071bf4a1
562,0.59998,5739963932882948,buy,28.2,WOD-USDT,11:04:19.559000,5739963932882948,match,11:04:19.6086,6746fcb2b26bfb00070deeae,6746fcb38b053b00071bf4a1
563,0.59998,5739964467263489,buy,71.1,WOD-USDT,11:04:20.716000,5739964467263489,match,11:04:20.7675,6746fcb2b26bfb00070deeae,6746fcb4b38d120007acf914
564,0.59999,5739964467263492,buy,8,WOD-USDT,11:04:20.716000,5739964467263492,match,11:04:20.7676,6746fcb0754b1e0007e98dd7,6746fcb4b38d120007acf914
565,0.59999,5739964886562817,buy,24.8,WOD-USDT,11:04:21.816000,5739964886562817,match,11:04:21.8609,6746fcb0754b1e0007e98dd7,6746fcb59e4e400007f70ff9
566,0.59999,5739964948559873,buy,40,WOD-USDT,11:04:21.926000,5739964948559873,match,11:04:21.9727,6746fcb0754b1e0007e98dd7,6746fcb58b053b00071c085e
567,0.6,5739964948559876,buy,26.3,WOD-USDT,11:04:21.926000,5739964948559876,match,11:04:21.9728,6746fcb21adbea0007e21720,6746fcb58b053b00071c085e
568,0.62999,5739964948559879,buy,39,WOD-USDT,11:04:21.926000,5739964948559879,match,11:04:21.9729,6746fcaa725fc60007390967,6746fcb58b053b00071c085e
569,0.62999,5739964973463553,buy,24.2,WOD-USDT,11:04:22.001000,5739964973463553,match,11:04:22.0511,6746fcaa725fc60007390967,6746fcb59e4e400007f71140
570,0.60001,5739965385029633,sell,125.1,WOD-USDT,11:04:23.075000,5739965385029633,match,11:04:23.1243,6746fcb6812d4000071c976b,6746fcb78b053b00071c0f8b
571,0.6,5739965385029636,sell,1,WOD-USDT,11:04:23.075000,5739965385029636,match,11:04:23.1244,6746fcb6b6d5080007e2effa,6746fcb78b053b00071c0f8b
572,0.60001,5739965460920321,sell,125.1,WOD-USDT,11:04:23.283000,5739965460920321,match,11:04:23.3300,6746fcb7b38d120007ad0958,6746fcb7f61fa000079bcba7
573,0.6,5739965460920324,sell,354.3,WOD-USDT,11:04:23.283000,5739965460920324,match,11:04:23.3301,6746fcb6b6d5080007e2effa,6746fcb7f61fa000079bcba7
574,0.55692,5739965460920327,sell,15.5,WOD-USDT,11:04:23.283000,5739965460920327,match,11:04:23.3301,6746fcb7ba86a000073f69a2,6746fcb7f61fa000079bcba7
575,0.56698,5739965566957569,sell,27.1,WOD-USDT,11:04:23.516000,5739965566957569,match,11:04:23.5658,6746fcb7754b1e0007e9be29,6746fcb7b38d120007ad0bb7
576,0.56697,5739965566957572,sell,10,WOD-USDT,11:04:23.516000,5739965566957572,match,11:04:23.5659,6746fcb7b38d120007ad09f7,6746fcb7b38d120007ad0bb7
577,0.55693,5739965566957575,sell,49.9,WOD-USDT,11:04:23.516000,5739965566957575,match,11:04:23.5660,6746fcb71adbea0007e23d06,6746fcb7b38d120007ad0bb7
578,0.55198,5739965784274945,sell,37.3,WOD-USDT,11:04:24.145000,5739965784274945,match,11:04:24.1905,6746fcb69e4e400007f71438,6746fcb8b6d5080007e2fb11
579,0.55001,5739965784274948,sell,75.4,WOD-USDT,11:04:24.145000,5739965784274948,match,11:04:24.1906,6746fcb8b6d5080007e2fae9,6746fcb8b6d5080007e2fb11
580,0.55,5739965784274951,sell,128.7,WOD-USDT,11:04:24.145000,5739965784274951,match,11:04:24.1907,6746fcb6754b1e0007e9bb48,6746fcb8b6d5080007e2fb11
581,0.55001,5739966659049473,sell,260.3,WOD-USDT,11:04:26.237000,5739966659049473,match,11:04:26.2866,6746fcb9b38d120007ad197e,6746fcba812d4000071cb05a
582,0.55,5739966659049476,sell,416.7,WOD-USDT,11:04:26.237000,5739966659049476,match,11:04:26.2869,6746fcb6754b1e0007e9bb48,6746fcba812d4000071cb05a
583,0.5491,5739966659049479,sell,18.2,WOD-USDT,11:04:26.237000,5739966659049479,match,11:04:26.2869,6746fcb3b38d120007aceedc,6746fcba812d4000071cb05a
584,0.5491,5739966659049482,sell,18.2,WOD-USDT,11:04:26.237000,5739966659049482,match,11:04:26.2870,6746fcb4a69a4c000788d2f1,6746fcba812d4000071cb05a
585,0.5491,5739966659049485,sell,18.2,WOD-USDT,11:04:26.237000,5739966659049485,match,11:04:26.2873,6746fcb49e4e400007f7019b,6746fcba812d4000071cb05a
586,0.5491,5739966659049488,sell,18.2,WOD-USDT,11:04:26.237000,5739966659049488,match,11:04:26.2873,6746fcb45e5d4c000755660a,6746fcba812d4000071cb05a
587,0.54,5739966659049491,sell,49.8,WOD-USDT,11:04:26.237000,5739966659049491,match,11:04:26.2874,6746fcabf61fa000079b817f,6746fcba812d4000071cb05a
588,0.54,5739966659049494,sell,256.1,WOD-USDT,11:04:26.237000,5739966659049494,match,11:04:26.2875,6746fcb5e21c740007c4075a,6746fcba812d4000071cb05a
589,0.54,5739966659049497,sell,13.8,WOD-USDT,11:04:26.237000,5739966659049497,match,11:04:26.2877,6746fcb7b6d5080007e2fa0d,6746fcba812d4000071cb05a
590,0.533,5739966659049500,sell,93.8,WOD-USDT,11:04:26.237000,5739966659049500,match,11:04:26.2877,6746fcad5e5d4c0007553b42,6746fcba812d4000071cb05a
591,0.533,5739966659049503,sell,18.7,WOD-USDT,11:04:26.237000,5739966659049503,match,11:04:26.2878,6746fcb7b38d120007ad0835,6746fcba812d4000071cb05a
592,0.52275,5739966659049506,sell,57.3,WOD-USDT,11:04:26.237000,5739966659049506,match,11:04:26.2885,6746fcb71adbea0007e23fe1,6746fcba812d4000071cb05a
593,0.52,5739966659049509,sell,57.7,WOD-USDT,11:04:26.237000,5739966659049509,match,11:04:26.2885,6746fcb8eaedf50007cde912,6746fcba812d4000071cb05a
594,0.51844,5739966659049512,sell,96.4,WOD-USDT,11:04:26.237000,5739966659049512,match,11:04:26.2885,6746fcad754b1e0007e97ce2,6746fcba812d4000071cb05a
595,0.515,5739966659049515,sell,95,WOD-USDT,11:04:26.237000,5739966659049515,match,11:04:26.2886,6746fcaba69a4c000788a272,6746fcba812d4000071cb05a
596,0.51484,5739966659049518,sell,77.8,WOD-USDT,11:04:26.237000,5739966659049518,match,11:04:26.2886,6746fcae725fc6000739219b,6746fcba812d4000071cb05a
597,0.53432,5739967062095873,buy,37.3,WOD-USDT,11:04:27.293000,5739967062095873,match,11:04:27.3432,6746fcba725fc6000739760f,6746fcbb725fc60007397c8a
598,0.58373,5739967390955521,buy,69.3,WOD-USDT,11:04:28.055000,5739967390955521,match,11:04:28.1023,6746fcbb33b8f3000793ca61,6746fcbc2033a50007aaf6e1
599,0.54999,5739967492929537,sell,41.9,WOD-USDT,11:04:28.348000,5739967492929537,match,11:04:28.3989,6746fcbca69a4c0007891066,6746fcbc5a55500007408a36
600,0.5658,5739967710771201,buy,17.6,WOD-USDT,11:04:28.959000,5739967710771201,match,11:04:29.0072,6746fcbcb26bfb00070e3a37,6746fcbcb38d120007ad3391
601,0.52221,5739968711899137,sell,25.3,WOD-USDT,11:04:31.607000,5739968711899137,match,11:04:31.6556,6746fcbf9e4e400007f75358,6746fcbfb6d5080007e32f70
602,0.54835,5739968971945985,buy,9.5,WOD-USDT,11:04:32.339000,5739968971945985,match,11:04:32.3827,6746fcbd2033a50007ab00bd,6746fcc02033a50007ab1206
603,0.5222,5739971141842945,sell,77.4,WOD-USDT,11:04:38.189000,5739971141842945,match,11:04:38.2360,6746fcbf14a8920007ba1c16,6746fcc6f61fa000079c2c3d
604,0.5222,5739971240540161,sell,205.4,WOD-USDT,11:04:38.514000,5739971240540161,match,11:04:38.5636,6746fcbf14a8920007ba1c16,6746fcc6812d4000071cfdb6
605,0.52,5739971240540164,sell,137.8,WOD-USDT,11:04:38.514000,5739971240540164,match,11:04:38.5637,6746fcbf439c100007100bf6,6746fcc6812d4000071cfdb6
606,0.5143,5739971240540167,sell,151.6,WOD-USDT,11:04:38.514000,5739971240540167,match,11:04:38.5637,6746fcc4812d4000071cf1d1,6746fcc6812d4000071cfdb6
607,0.54834,5739971322853377,buy,10,WOD-USDT,11:04:38.827000,5739971322853377,match,11:04:38.8769,6746fcc2eaedf50007ce269c,6746fcc6dcdd7b000749a775
608,0.54835,5739971322853380,buy,3.2,WOD-USDT,11:04:38.827000,5739971322853380,match,11:04:38.8770,6746fcbd2033a50007ab00bd,6746fcc6dcdd7b000749a775
609,0.51432,5739971413424129,sell,122.9,WOD-USDT,11:04:38.998000,5739971413424129,match,11:04:39.0467,6746fcc65a5550000740c992,6746fcc6a69a4c000789511b
610,0.54835,5739971535714305,buy,41.8,WOD-USDT,11:04:39.345000,5739971535714305,match,11:04:39.3942,6746fcbd2033a50007ab00bd,6746fcc7b26bfb00070e7738
611,0.54836,5739971535714308,buy,27.1,WOD-USDT,11:04:39.345000,5739971535714308,match,11:04:39.3944,6746fcbd1adbea0007e26aab,6746fcc7b26bfb00070e7738
612,0.548,5739972131305473,buy,330.5,WOD-USDT,11:04:40.896000,5739972131305473,match,11:04:40.9411,6746fcc8ef434f0007c721f2,6746fcc8754b1e0007ea2c0c
613,0.548,5739973258393601,buy,45.8,WOD-USDT,11:04:44.150000,5739973258393601,match,11:04:44.1995,6746fcc8ef434f0007c721f2,6746fccce21c740007c490ed
614,0.54,5739973423806465,buy,27.5,WOD-USDT,11:04:44.666000,5739973423806465,match,11:04:44.7109,6746fcccb26bfb00070e90f6,6746fccc439c10000710550d
615,0.5355,5739974703200257,buy,15.5,WOD-USDT,11:04:47.967000,5739974703200257,match,11:04:48.0184,6746fcce633e9100075222f5,6746fccfe21c740007c4a97e
616,0.54,5739974703200260,buy,96.3,WOD-USDT,11:04:47.967000,5739974703200260,match,11:04:48.0185,6746fcccb26bfb00070e90f6,6746fccfe21c740007c4a97e
617,0.54,5739975251212289,buy,136.7,WOD-USDT,11:04:49.455000,5739975251212289,match,11:04:49.5015,6746fcccb26bfb00070e90f6,6746fcd1754b1e0007ea5e48
618,0.54001,5739977183213569,sell,26,WOD-USDT,11:04:54.160000,5739977183213569,match,11:04:54.2066,6746fcd1b6d5080007e3976f,6746fcd633b8f30007946a92
619,0.54,5739977183213572,sell,412.8,WOD-USDT,11:04:54.160000,5739977183213572,match,11:04:54.2067,6746fcd1754b1e0007ea5e48,6746fcd633b8f30007946a92
620,0.54,5739977183213575,sell,10.9,WOD-USDT,11:04:54.160000,5739977183213575,match,11:04:54.2071,6746fcd4633e91000752275f,6746fcd633b8f30007946a92
621,0.53794,5739977183213578,sell,10,WOD-USDT,11:04:54.160000,5739977183213578,match,11:04:54.2071,6746fcd52033a50007ab927e,6746fcd633b8f30007946a92
622,0.51649,5739977183213581,sell,521.6,WOD-USDT,11:04:54.160000,5739977183213581,match,11:04:54.2072,6746fcd59e4e400007f7d59c,6746fcd633b8f30007946a92
623,0.51649,5739977183213584,sell,295.1,WOD-USDT,11:04:54.160000,5739977183213584,match,11:04:54.2073,6746fcd6812d4000071d59c2,6746fcd633b8f30007946a92
624,0.55,5739977386899457,buy,79,WOD-USDT,11:04:54.692000,5739977386899457,match,11:04:54.7453,6746fcca8b053b00071c8903,6746fcd61adbea0007e2fdc0
625,0.54999,5739977827039233,buy,10,WOD-USDT,11:04:55.864000,5739977827039233,match,11:04:55.9146,6746fcd68b053b00071cd353,6746fcd7e21c740007c4d967
626,0.55,5739977827039236,buy,58.8,WOD-USDT,11:04:55.864000,5739977827039236,match,11:04:55.9147,6746fcca8b053b00071c8903,6746fcd7e21c740007c4d967
